0.000000000000000e+00,1.000000000000000e+00
0.000000000000000e+00,2.500000000000000e-01
1.000000000000000e+00,2.500000000000000e-01
1.000000000000000e+00,1.000000000000000e+00
0.000000000000000e+00,0.000000000000000e+00
1.000000000000000e+00,0.000000000000000e+00
5.000000000000000e-01,2.500000000000000e-01
5.000000000000000e-01,1.000000000000000e+00
5.000000000000000e-01,0.000000000000000e+00
0.000000000000000e+00,6.250000000000000e-01
1.000000000000000e+00,6.250000000000000e-01
3.906250000000000e-01,6.250000000000000e-01
7.500000000000000e-01,2.500000000000000e-01
7.500000000000000e-01,0.000000000000000e+00
6.953125000000000e-01,7.395833333333334e-01
2.500000000000000e-01,0.000000000000000e+00
2.500000000000000e-01,2.500000000000000e-01
2.500000000000000e-01,1.000000000000000e+00
6.250000000000000e-01,4.838832557624113e-01
7.500000000000000e-01,1.000000000000000e+00
0.000000000000000e+00,4.375000000000000e-01
1.000000000000000e+00,4.375000000000000e-01
1.953125000000000e-01,7.656250000000000e-01
2.227515243902439e-01,4.740853658536586e-01
1.000000000000000e+00,8.125000000000000e-01
8.212272720537745e-01,5.312500000000000e-01
4.357171001569603e-01,4.347013417124468e-01
4.999999999999999e-01,7.965494791666666e-01
0.000000000000000e+00,8.125000000000000e-01
3.750000000000000e-01,2.500000000000000e-01
3.750000000000000e-01,0.000000000000000e+00
1.250000000000000e-01,2.500000000000000e-01
0.000000000000000e+00,1.250000000000000e-01
1.250000000000000e-01,0.000000000000000e+00
6.250000000000000e-01,0.000000000000000e+00
6.250000000000000e-01,2.500000000000000e-01
8.750000000000000e-01,0.000000000000000e+00
1.000000000000000e+00,1.250000000000000e-01
8.750000000000000e-01,2.500000000000000e-01
5.584927085173130e-01,6.386143030333956e-01
8.613670762108262e-01,7.187500000000000e-01
6.250000000000000e-01,1.000000000000000e+00
3.750000000000000e-01,1.000000000000000e+00
1.250000000000000e-01,1.000000000000000e+00
8.750000000000000e-01,1.000000000000000e+00
3.485297865024970e-01,7.724806062534680e-01
7.941003860046068e-01,8.547883981056993e-01
1.556059216077782e-01,6.148268449891969e-01
7.491103267248531e-01,3.998695551734011e-01
8.125000000000000e-01,1.250000000000000e-01
3.125000000000000e-01,1.250000000000000e-01
5.625000000000000e-01,1.250000000000000e-01
3.125000000000001e-01,3.712992866735109e-01
6.245197426692296e-01,8.601698096873587e-01
6.900655280890720e-01,6.035088304193679e-01
5.625000000000000e-01,3.669416278812057e-01
8.800499344915300e-01,3.820500436723133e-01
1.250000000000000e-01,1.250000000000000e-01
6.875000000000000e-01,1.093750000000000e-01
4.375000000000000e-01,1.406250000000000e-01
2.672971067589814e-01,8.723963000895710e-01
1.170528017241379e-01,8.698814655172413e-01
1.231383663284879e-01,3.841755775523252e-01
0.000000000000000e+00,7.187500000000000e-01
2.762590286205694e-01,6.721045536396797e-01
4.375000000000000e-01,8.982747395833334e-01
4.815142912344730e-01,5.460449010362419e-01
1.022285874079052e-01,5.047297126758908e-01
3.399815541005137e-01,5.125080993805539e-01
9.079108092689963e-01,8.865238728459974e-01
7.707331109801855e-01,6.685367364393586e-01
2.493152321735965e-01,5.731463123352842e-01
5.894330486329283e-01,7.398725729914686e-01
4.349305443349372e-01,7.173939750737719e-01
7.253240291431429e-01,4.984095828203575e-01
9.079166642008561e-01,4.792321198876405e-01
8.916892304221031e-01,6.142121212237663e-01
9.319436961206896e-02,7.704713317169539e-01
4.678585500784802e-01,3.423506708562234e-01
5.299012263360625e-01,4.610523677750824e-01
6.625402794992046e-01,3.452361005763233e-01
5.325103069326454e-01,8.865864419544173e-01
2.179251529291883e-01,3.792958473427778e-01
6.875000000000000e-01,9.298694191416456e-01
0.000000000000000e+00,3.437500000000000e-01
2.187500000000000e-01,1.562500000000000e-01
1.000000000000000e+00,3.437500000000000e-01
9.062500000000000e-01,9.375000000000000e-02
1.000000000000000e+00,5.312500000000000e-01
1.000000000000000e+00,7.187500000000000e-01
0.000000000000000e+00,9.062500000000000e-01
0.000000000000000e+00,5.312500000000000e-01
1.000000000000000e+00,9.062500000000000e-01
8.120008847812207e-02,6.718750000000000e-01
1.875000000000000e-01,9.308807510307346e-01
8.125000000000000e-01,3.185117444132416e-01
6.250000000000000e-02,2.500000000000000e-01
0.000000000000000e+00,1.875000000000000e-01
1.953125000000000e-01,7.031250000000000e-02
0.000000000000000e+00,6.250000000000000e-02
6.250000000000000e-02,0.000000000000000e+00
9.296875000000000e-01,1.796875000000000e-01
9.105073704957343e-01,7.954605318036289e-01
3.560156077469639e-01,8.615460978157623e-01
7.083850975539030e-01,8.283312753486874e-01
6.373067412779929e-01,6.698881729355627e-01
4.747055590422934e-01,6.299982454127834e-01
5.690899822760952e-01,5.515105015153434e-01
7.816687980478109e-01,7.557009387556178e-01
3.125000000000000e-01,1.000000000000000e+00
8.353011251335931e-01,9.269758432275190e-01
8.306974561621184e-01,4.487881471146364e-01
1.875000000000000e-01,2.500000000000000e-01
3.922234393808597e-01,3.677953964953930e-01
4.200054584285844e-01,8.113205148355955e-01
7.556261610628429e-02,5.856456952241796e-01
6.250000000000000e-02,1.000000000000000e+00
9.375000000000000e-01,2.500000000000000e-01
5.153049466422410e-01,7.071668764163608e-01
1.963446759111214e-01,6.847265822839776e-01
1.780736449861501e-01,5.391580428907522e-01
6.314338235294118e-01,1.686580882352941e-01
5.625000000000000e-01,2.500000000000000e-01
7.435661764705882e-01,1.686580882352941e-01
8.125000000000000e-01,2.500000000000000e-01
3.814338235294118e-01,8.134191176470588e-02
3.125000000000000e-01,0.000000000000000e+00
4.576757428110650e-01,6.539060791602888e-02
3.584018925365959e-01,4.373717979170087e-01
3.606520550746602e-01,6.961927544989831e-01
2.727357585073020e-01,7.508468072656203e-01
9.306835381054130e-01,6.821893182134796e-01
3.167156624268521e-01,6.079420739206548e-01
1.926108360120875e-01,8.450979040404821e-01
6.741278548216770e-01,4.227793715863243e-01
7.367416572842342e-01,3.248587125453016e-01
7.554210231674630e-01,5.669703188044246e-01
1.675045237609644e-01,3.229328795293057e-01
7.613717407751225e-01,9.269504412838474e-01
9.375000000000000e-02,3.166671219655481e-01
5.948255049055718e-01,9.301877166820054e-01
9.375000000000000e-01,1.000000000000000e+00
4.057032523381207e-01,5.505661272570611e-01
3.437500000000000e-01,9.337564150447861e-01
8.185995635872770e-01,6.048854611234782e-01
9.276846301203965e-01,3.242519132530690e-01
6.875000000000000e-01,2.500000000000000e-01
9.374999999999999e-02,9.366066827077533e-01
2.919801381967402e-01,4.609140152466712e-01
5.643918358580214e-01,8.241868953755410e-01
6.425091708959115e-01,7.896574652263375e-01
1.562500000000000e-01,1.875000000000000e-01
7.291666666666666e-02,7.291666666666666e-02
7.291666666666666e-02,1.770833333333333e-01
8.437500000000000e-01,6.250000000000000e-02
2.812500000000000e-01,6.250000000000000e-02
2.812500000000000e-01,1.875000000000000e-01
3.697916666666667e-01,1.744791666666667e-01
5.052083333333334e-01,1.744791666666667e-01
6.197916666666666e-01,7.552083333333334e-02
5.625000000000000e-01,0.000000000000000e+00
5.276595068886599e-01,6.429524655567007e-02
7.552083333333334e-01,7.552083333333333e-02
8.580163043478261e-01,1.803668478260870e-01
6.193003426391330e-01,6.014203496026683e-01
2.606441370837100e-01,3.212669063692624e-01
3.499126912052081e-01,3.138249975444206e-01
9.499761771520713e-01,5.781250000000000e-01
6.684097561218899e-01,5.377799399869909e-01
8.886587068594407e-01,5.453823485734849e-01
8.433757530348174e-01,7.843698816914901e-01
5.281614120272850e-02,3.906250000000000e-01
1.729702516557312e-01,4.291024342651621e-01
1.421863125319539e-01,7.244913739917752e-01
5.035927988091973e-01,3.992381881729979e-01
7.040614866965879e-01,6.733157001301332e-01
6.064181616194467e-01,4.186418835906563e-01
5.312500000000000e-01,3.084708139406028e-01
6.032954363629768e-01,3.135724170523031e-01
1.000000000000000e+00,6.250000000000000e-02
9.375000000000000e-01,0.000000000000000e+00
9.488775499433055e-01,3.906250000000000e-01
8.138724923867000e-01,3.847291729488388e-01
4.375000000000000e-01,2.500000000000000e-01
4.961213406710050e-02,8.593750000000000e-01
3.060219664933235e-01,8.209006567118767e-01
2.520746945728984e-01,9.353070415763327e-01
4.144542702147930e-01,3.087410884697954e-01
6.875000000000000e-01,0.000000000000000e+00
5.664654356060607e-01,1.875000000000000e-01
3.125000000000000e-01,2.500000000000000e-01
4.375000000000000e-01,0.000000000000000e+00
8.125000000000000e-01,1.000000000000000e+00
1.000000000000000e+00,1.875000000000000e-01
1.875000000000000e-01,0.000000000000000e+00
1.875000000000000e-01,1.000000000000000e+00
6.875000000000000e-01,1.000000000000000e+00
4.375000000000000e-01,1.000000000000000e+00
5.625000000000000e-01,1.000000000000000e+00
8.125000000000000e-01,0.000000000000000e+00
6.214984681641505e-02,4.543343442540895e-01
1.459467884815858e-01,8.037291966942106e-01
2.433396376116167e-01,8.070400452953989e-01
2.289454456330161e-01,6.318396576309947e-01
3.986020126665644e-01,4.870533243977416e-01
1.339518229166667e-01,6.396484374999999e-02
8.489020438369599e-01,6.584678584912600e-01
8.686941100824154e-01,8.398369665905819e-01
4.725194978428448e-01,4.846542896116177e-01
5.227253205771518e-01,5.900662034906970e-01
2.664886278132550e-01,5.154491056061181e-01
4.679387679944455e-01,8.469136884307873e-01
4.022246098299617e-01,9.466641700711952e-01
4.903487703074818e-01,9.358670853147499e-01
4.925919004742429e-01,1.150766157181808e-01
9.062500000000000e-01,9.475527253184042e-01
9.479960068963957e-01,8.420981644350379e-01
9.430059729482978e-01,7.428167457556363e-01
7.702471847374286e-01,4.571125885881376e-01
8.707165260909741e-01,3.088561490660162e-01
7.990516293166667e-01,1.915167211673313e-01
1.173317705651722e-01,4.407157725438670e-01
2.566964285714285e-01,1.138392857142857e-01
0.000000000000000e+00,2.968750000000000e-01
0.000000000000000e+00,9.531250000000000e-01
1.000000000000000e+00,9.531250000000000e-01
1.282368851675462e-01,5.655303986488802e-01
6.875000000000000e-01,1.900068025091393e-01
7.226885694923711e-01,8.841902872165557e-01
1.430817856620457e-01,6.689476118417942e-01
2.493207822093718e-01,4.252149156081468e-01
1.681518606211615e-01,4.844719972296185e-01
4.225260416666667e-01,1.953125000000000e-01
7.024739583333334e-01,5.468750000000000e-02
9.444411628399300e-01,5.220885879664686e-01
3.353709998150204e-01,5.049799990751018e-02
5.760684560972062e-02,7.247728472219180e-01
3.527806477234276e-01,5.661813845641759e-01
5.480395149918407e-01,7.734545230645782e-01
5.664835519009305e-01,6.915288109625236e-01
6.423316995033962e-01,7.246920528274097e-01
9.470294902802047e-01,6.313992139888438e-01
4.815852637916000e-02,5.065961668719456e-01
4.458211900738459e-01,5.854029122109307e-01
0.000000000000000e+00,7.656250000000000e-01
5.428639812183960e-01,9.381201707114885e-01
7.291666666666666e-02,1.250000000000000e-01
3.002112952498794e-01,5.572353216571521e-01
1.000000000000000e+00,2.968750000000000e-01
7.345283078542707e-01,6.309007438633226e-01
8.080263918210925e-01,7.081259940455225e-01
7.443755172069039e-01,7.161116811494540e-01
3.200015003522997e-01,7.288403630119161e-01
7.325569953423769e-01,7.794339780960311e-01
1.991718124867440e-01,5.865925310029670e-01
4.071862066459966e-01,6.738783025676061e-01
4.795412649720809e-01,7.470447070422577e-01
3.883963927636008e-01,7.397084270051488e-01
9.492857149907850e-01,9.181868537051520e-01
7.017472991754237e-01,3.790146743017798e-01
6.562500000000000e-01,2.926987241179823e-01
6.142918675198372e-01,3.642547170477806e-01
4.550438880897305e-02,7.890625000000000e-01
8.968012414561920e-02,8.238828293824938e-01
2.136140493632885e-01,2.963669454518226e-01
7.212046817905516e-01,4.426975349127968e-01
6.756922482949005e-01,4.874844348613394e-01
7.718988514813548e-01,5.188504315696650e-01
1.000000000000000e+00,4.843750000000000e-01
8.625730677953278e-01,5.019098312515263e-01
9.094984128537813e-01,4.261921598042053e-01
9.551237073963714e-01,4.609375000000000e-01
6.714235633679713e-01,8.810918707975925e-01
2.412888246693398e-01,7.099897849784549e-01
6.173444606079813e-01,5.344792225775354e-01
7.966765915319948e-01,8.041416174907194e-01
5.508802946115325e-01,4.156179804744185e-01
8.655188450868867e-01,1.278065352606602e-01
2.224100139570237e-01,8.948320837374117e-01
9.062500000000000e-01,4.166666666666666e-02
9.496527777777778e-01,6.770833333333333e-02
2.343750000000000e-01,2.031250000000000e-01
1.718750000000000e-01,1.406250000000000e-01
9.466145833333334e-01,1.289062500000000e-01
4.132614932290299e-01,4.328643011200002e-02
3.257785675121427e-01,6.584924291714971e-01
5.716354884446151e-01,4.966898757640956e-01
5.269680146440519e-01,5.220852256992056e-01
5.055463671209604e-02,9.100645851397993e-01
2.975483756537979e-01,9.130131937625729e-01
4.839292750392401e-01,2.961753354281117e-01
4.554619900238822e-01,3.898047515954403e-01
7.733213080241927e-01,3.573521968750659e-01
4.990832774169487e-02,3.407087181456185e-01
3.812073247589656e-01,9.029720236112899e-01
4.711541804730589e-01,6.811309101492112e-01
5.141189065374301e-01,6.584253295775454e-01
5.155371325382153e-01,8.418272216465902e-01
5.813221814748359e-01,8.831554849853134e-01
4.289461163415263e-01,7.645921199198417e-01
2.656409691868163e-01,3.803641422354318e-01
1.705303861643778e-01,3.817090334556582e-01
5.142377090383285e-01,3.528844171942473e-01
6.548062489925854e-01,3.999561774661511e-02
4.687500000000000e-01,2.120496961805556e-01
3.437500000000000e-01,2.142151580459770e-01
5.762672686174328e-01,4.904760369252219e-02
7.962685502283106e-01,4.717822488584474e-02
6.412366863471914e-01,9.515549244354947e-01
7.256366050886621e-01,9.587974038081527e-01
1.417607164427782e-01,9.523386674408332e-01
3.897058823529412e-01,1.296721813725490e-01
7.352941176470589e-01,1.203278186274510e-01
6.115196078431372e-01,1.238511029411765e-01
4.365056985020840e-01,5.149687781108079e-01
0.000000000000000e+00,6.718750000000000e-01
5.092291434068696e-02,6.305555167338627e-01
1.103648615393983e-01,6.328670643560793e-01
1.000000000000000e+00,7.656250000000000e-01
9.580940398005597e-01,7.890625000000000e-01
1.000000000000000e+00,8.593750000000000e-01
0.000000000000000e+00,8.593750000000000e-01
0.000000000000000e+00,3.906250000000000e-01
1.000000000000000e+00,3.906250000000000e-01
1.000000000000000e+00,5.781250000000000e-01
1.000000000000000e+00,6.718750000000000e-01
0.000000000000000e+00,4.843750000000000e-01
0.000000000000000e+00,5.781250000000000e-01
8.603934398951321e-01,8.866238157604109e-01
1.643332449843600e-01,8.864568322547826e-01
4.159859251402758e-02,5.531451485823667e-01
7.721783547600877e-01,2.925315019158088e-01
8.456478313713407e-01,3.509476255689381e-01
2.966123668607907e-01,4.148180271588066e-01
8.484938755414663e-01,5.690876346892322e-01
7.147452251337916e-01,5.439398989734365e-01
4.861736478572216e-01,8.896193516612284e-01
4.669794451938004e-02,2.940347593591734e-01
7.556006539818791e-01,8.274411547782355e-01
2.241437757186363e-01,5.342496984639373e-01
8.059465704158101e-01,4.877203955055083e-01
2.175701487992447e-01,9.654403755153673e-01
5.312500000000000e-01,2.166414847606032e-01
8.819388613286151e-01,7.596665919926388e-01
6.326710491180061e-01,9.049322782391800e-01
2.745450961091022e-01,6.261879764718162e-01
4.885755554180933e-01,4.421351926448695e-01
5.233351310189107e-02,9.555893203814408e-01
6.874959248943435e-01,7.842184343803429e-01
6.633657110588694e-01,8.361198934317133e-01
3.645833333333334e-02,1.510416666666667e-01
9.871834829343971e-02,3.628691544769503e-02
3.645833333333332e-02,9.895833333333334e-02
1.118259803921569e-01,2.043504901960784e-01
7.024963616003420e-01,2.937602787731907e-01
3.059958135058944e-01,3.261514327857983e-01
3.238673941798942e-01,1.697461970899471e-01
3.505866195752357e-01,8.171550643287757e-01
3.114509546650517e-01,8.652916901988633e-01
4.060152782464562e-01,8.593722327831307e-01
7.983266268387834e-01,9.555026940607775e-01
2.119117754683841e-01,1.119501975995316e-01
8.941212987256372e-01,2.084485101199400e-01
2.364130434782609e-01,4.585597826086957e-02
9.062500000000000e-01,2.818582816785908e-01
4.479402600507060e-01,9.547618139080714e-01
2.917852734721321e-01,9.587821520228759e-01
9.617187500000000e-01,2.117187500000000e-01
4.036458333333332e-02,4.036458333333333e-02
4.036458333333333e-02,2.096354166666667e-01
2.812500000000000e-01,2.817609621393827e-01
7.786629816586902e-01,6.246764009724753e-01
5.932526682171748e-01,7.868827539763164e-01
5.663524608950786e-01,5.953739942094071e-01
6.474651763863541e-01,2.108515057261390e-01
7.187500000000000e-01,2.500000000000000e-01
1.286091912962927e-01,9.113490539344432e-01
5.937500000000000e-01,2.500000000000000e-01
1.597348660399011e-01,9.892040188029660e-02
5.767402762156210e-01,4.521902870320441e-01
9.049125230437496e-02,5.457135527423402e-01
8.850671637605650e-02,3.591007007015773e-01
8.863634562625056e-01,6.821514744692767e-01
9.045837397003790e-01,7.226515714413879e-01
7.264026718764527e-01,2.078782391268141e-01
6.721315794944680e-01,6.434110029680012e-01
5.955897161501078e-01,6.600727466649211e-01
9.985422574739536e-02,7.119054242456478e-01
7.964238196617169e-01,4.235510415085762e-01
7.034130085870860e-01,1.496909012545696e-01
1.327926995929199e-01,2.943105326999111e-01
1.000000000000000e+00,3.125000000000000e-02
6.060194962368981e-01,2.024564982775193e-01
4.327841887430943e-01,6.254988299974610e-01
8.284122504777275e-01,7.449909398958799e-01
6.509733473194579e-01,3.866020121054006e-01
1.562500000000000e-01,0.000000000000000e+00
1.387276248807288e-01,5.250798062519121e-01
8.338948850164634e-01,2.142923126979301e-01
7.983456229425596e-01,9.002167570653474e-01
8.646711805016123e-01,9.583121299750733e-01
2.070569619355290e-01,3.382843276325296e-01
8.704769361385915e-01,4.610428172581267e-01
8.480382906930568e-01,4.099946020448088e-01
8.437500000000000e-01,2.500000000000000e-01
6.071474315209070e-01,7.018441809358831e-01
9.571326779030480e-01,9.610727372040641e-01
9.058609021205517e-01,1.435334951512950e-01
8.998935075082228e-02,4.093394838462732e-01
3.404009492535770e-01,9.280364665425464e-02
7.822605889021774e-01,1.535040451706208e-01
4.244586697248602e-01,9.680520416809846e-02
6.525279009721918e-01,1.324540687944942e-01
4.605341554125864e-01,8.068130074578392e-01
3.896917629338896e-01,7.819187120091023e-01
4.060004423906104e-02,6.698723400050048e-01
5.499532286451512e-01,7.289951124500772e-01
1.842579078755283e-01,7.250281618361126e-01
1.780959313925108e-01,6.485407729142124e-01
3.354490206888008e-01,4.043368800337759e-01
1.114330859658678e-01,1.635164192992012e-01
1.718750000000000e-01,3.732638888888889e-02
6.553901556066100e-01,5.785014435866815e-01
8.321906882339855e-01,8.229873036007387e-01
6.768882785778485e-01,7.034395155805786e-01
4.166321180657438e-01,3.995179768871394e-01
4.274398239284500e-01,3.473409856166684e-01
3.517638440544336e-01,3.559439751543885e-01
6.160674628254069e-01,8.204624814505795e-01
1.927083333333333e-01,2.083333333333333e-01
2.026618866468179e-01,8.056572140497344e-01
1.508143415327281e-01,8.452415383394282e-01
2.309974169818279e-01,8.558923167445158e-01
8.103250607932562e-01,8.485003039662811e-02
9.081879716483897e-01,8.464767183220671e-01
1.543769322262597e-01,7.636209742896937e-01
9.670293898809523e-01,1.639229910714286e-01
2.366935483665596e-01,6.706657355833220e-01
3.090726752505476e-01,7.671295084450455e-01
2.812317484817210e-01,7.117770047140393e-01
2.323392362650813e-01,7.494087142899820e-01
8.104581586576690e-01,6.684753990271750e-01
6.524780068941387e-01,4.556742494095469e-01
9.616544833236922e-01,7.074604915595391e-01
9.115343861328351e-01,6.480010926001466e-01
3.739308406315333e-01,4.272953533996047e-02
9.561482600058882e-01,2.902398199921491e-01
5.933459603183469e-01,1.587571535295365e-01
4.559933012481567e-01,1.750823982088207e-01
4.923008492157978e-01,4.140925468473522e-02
8.819111812421584e-02,8.972336357333837e-01
9.677214497137424e-01,8.828125000000000e-01
2.589285714285715e-01,1.540178571428572e-01
3.596147623013283e-01,4.774952501722176e-01
3.974344822980307e-01,4.468931854844745e-01
3.780807581667241e-01,4.039291850545098e-01
3.503952932678546e-01,1.390296823565193e-01
7.746047067321454e-01,1.109703176434807e-01
7.613969089874425e-01,8.880501407417822e-01
3.713300328425485e-01,6.587824528535805e-01
5.610083301857601e-01,8.550567908491144e-02
4.844643011038130e-01,5.845839484236646e-01
6.988527246526391e-01,3.321771284181410e-01
5.731805123298536e-01,9.625553913039033e-01
2.794459511989824e-01,7.924207499797624e-01
6.598682408553040e-01,8.000310162272528e-02
2.106763543265274e-01,4.179443618886066e-01
7.812500000000000e-01,2.500000000000000e-01
1.000000000000000e+00,9.375000000000000e-02
8.842148914580722e-01,9.164160482174818e-01
3.718362434611924e-01,5.332746318317707e-01
4.070133435874284e-01,5.895756713259677e-01
3.675423860098202e-02,5.922046136393250e-01
3.561851052870991e-01,6.055749124803205e-01
3.199031514511000e-01,2.885381615797712e-01
3.323728058304266e-01,8.972726500951389e-01
6.166042688624899e-01,3.736099842729815e-02
7.591442611471699e-01,3.730937566801127e-02
3.829604640151515e-01,2.115109881138976e-01
5.248154977356372e-01,1.392737561500360e-01
1.287778493339671e-01,3.415695218656312e-01
1.771458680863791e-01,2.863687298745769e-01
5.686976457159383e-01,2.908986220457035e-01
5.683611399696022e-01,3.291452589205474e-01
8.374314714075042e-01,2.885007974230965e-01
5.154095934343188e-01,9.648883880133008e-01
1.979764231209336e-01,5.073039611158462e-01
9.172266072633253e-01,3.641611508252764e-01
9.593355728003767e-01,3.507157624277926e-01
7.204956122635963e-01,5.812192370153433e-01
7.898216835013347e-01,5.518690155053788e-01
7.364161568111096e-01,3.644890175136994e-01
6.613978227466071e-01,7.571229169270562e-01
7.238846015936018e-01,9.215048298764096e-01
5.273604543139186e-01,1.015875687216829e-01
7.629048951630256e-01,2.004867074960503e-01
1.644237370564327e-01,5.736386450040313e-01
4.351644116015491e-01,4.736419265116195e-01
8.827220771452856e-01,3.445172743959488e-01
8.556663572213686e-01,6.054583774641217e-01
4.935488043072761e-01,7.823857962963031e-02
7.855978309470930e-01,5.884804564231175e-01
9.895833333333333e-02,9.895833333333333e-02
8.159740904511475e-02,2.817058803590940e-01
2.824847020858695e-01,5.898901473194739e-01
3.034799245656029e-01,5.200967596743000e-01
8.252873982206683e-01,8.747865376329481e-01
5.177878733229880e-01,7.498814771946731e-01
4.047372855392157e-01,1.631816789215686e-01
7.175053615196079e-01,8.819699754901962e-02
3.679986015751716e-01,9.628100770097358e-01
3.275656224318158e-01,9.666143246269010e-01
5.312500000000000e-01,0.000000000000000e+00
6.230410432422258e-01,7.572276993154022e-01
7.623330208201489e-01,9.649029706226547e-01
7.187500000000000e-01,0.000000000000000e+00
2.423933785006943e-01,3.525699234786768e-01
8.377256696305275e-01,1.506549126296917e-01
7.656015965413944e-02,2.132789096541395e-01
5.901276549325958e-01,6.220300745319791e-01
4.412249272489831e-01,5.501777135353089e-01
2.496448863636364e-01,7.892565993788819e-02
6.021913396818002e-01,5.684211025378132e-01
6.230214216851321e-01,6.370434096116787e-01
4.062500000000000e-01,2.500000000000000e-01
3.804263548498467e-01,2.889758624757041e-01
1.100567273945628e-01,9.679672809930996e-01
2.666785825289911e-02,7.421875000000000e-01
2.640807060136425e-02,4.140625000000000e-01
2.647074394561896e-02,3.671168831637375e-01
4.464701355803510e-01,2.874105067839519e-01
9.454079093919021e-01,4.263669092021881e-01
3.127103651082307e-01,6.928304279651294e-01
4.571916469550536e-01,1.109139835990089e-01
2.560388228849912e-01,4.605249348572034e-01
3.231380676212446e-01,4.800522170533410e-01
3.221875063859689e-01,4.406688392125704e-01
5.389624194142163e-02,8.238484771557848e-01
4.725398538491997e-01,1.440104752339850e-01
6.909414780264298e-01,9.649347095708227e-01
9.635110414705484e-01,6.647289165596766e-01
5.906320740740594e-01,8.485678291757950e-01
5.319755168556919e-01,8.108816951051510e-01
5.479534515405449e-01,8.551324219169802e-01
8.438115382405931e-01,9.876089573128019e-02
1.562500000000000e-01,2.500000000000000e-01
3.045422059259520e-01,8.991639703702402e-02
9.612187010954617e-01,3.068759780907668e-02
8.275243227065405e-01,3.155033864672974e-02
3.070202805104414e-01,2.136773597447793e-01
1.875000000000000e-01,1.718750000000000e-01
2.656250000000000e-01,2.187500000000000e-01
8.802083333333334e-01,6.770833333333333e-02
3.034390521636856e-01,3.453202608184280e-02
2.677341380182002e-01,3.019543099089990e-02
8.626264822450110e-01,3.287574112250551e-02
7.371714556025508e-01,2.837378174201787e-01
3.799559615453189e-01,8.360907143263177e-01
1.236131113689250e-01,6.003432553498216e-01
2.701930182287926e-01,8.342656131052311e-01
1.637641275285646e-01,6.969186629086002e-01
9.243299820136464e-01,5.523666436208159e-01
9.152124637614977e-01,5.870909002202465e-01
3.536039651386098e-01,7.380187316436363e-01
6.443918835228246e-01,5.126945423258419e-01
2.464910550269029e-01,2.847066040877929e-01
1.826753847703375e-01,9.654403755153673e-01
8.810157388732027e-01,5.811927155021249e-01
3.366449274791151e-02,4.747121230144142e-01
4.687500000000000e-01,1.000000000000000e+00
1.339851203029928e-01,4.906791698329838e-01
6.080847410003436e-01,9.624755504870317e-01
5.258881279756908e-01,6.251857377565393e-01
8.957457189256738e-01,5.115672052782100e-01
7.637698223909377e-01,7.939857998202871e-01
4.687500000000000e-01,0.000000000000000e+00
6.881637995879994e-01,5.665378461905739e-01
7.111481964150439e-01,7.070259845429961e-01
6.948905146911030e-01,5.159392139760441e-01
3.125000000000000e-02,1.000000000000000e+00
8.557777680700318e-01,5.355499328582817e-01
3.837275668357276e-01,3.308856274000164e-01
9.749880885760356e-01,6.015625000000000e-01
9.749880885760356e-01,5.546875000000000e-01
4.017752548683824e-01,7.079305003558319e-01
4.459955487717956e-01,3.318660221864185e-02
8.433254453429341e-02,8.582087726547718e-01
2.480606703355025e-02,8.828125000000000e-01
5.155371997812046e-01,5.554947105375085e-01
8.746820863105060e-01,8.035917938148877e-01
6.403850383168240e-01,4.188772631279121e-01
6.110064359651103e-01,4.526019618989061e-01
5.797568980376594e-01,3.967861503499200e-01
9.277470446313624e-01,2.136592053686376e-01
4.791644950010480e-01,9.678039188278262e-01
2.845160300901872e-01,3.522883361352195e-01
4.509234290570256e-01,6.540361379413708e-01
6.525196027349501e-01,6.138555616969393e-01
9.741315238217650e-01,3.196139963963945e-01
6.714345594373072e-01,1.603671981700338e-01
7.485725948843990e-01,6.001113488581420e-01
3.437500000000000e-01,2.500000000000000e-01
1.562500000000000e-01,1.000000000000000e+00
1.136074422215485e-01,7.431309976708058e-01
5.321136968356078e-01,3.813887083517703e-01
4.857938686319441e-01,3.707515929101201e-01
5.196154691255379e-01,4.289244483549797e-01
6.224783289035950e-01,2.846304022651511e-01
6.303332891887862e-01,3.342401576318487e-01
9.662143554191408e-01,4.943835525318226e-01
8.103160246054760e-01,7.733706942807054e-01
1.480669542487853e-01,4.066249800670377e-01
1.915200497570156e-01,4.586111172112712e-01
5.585532919938013e-01,9.081610752572125e-01
1.458699499709601e-01,4.589607544709357e-01
2.057333032661644e-01,2.956608883493187e-02
6.562500000000000e-01,1.000000000000000e+00
7.381609412851521e-01,6.815798422903093e-01
2.933863099951418e-01,1.536726657053167e-01
8.437500000000000e-01,1.000000000000000e+00
7.167030180704889e-01,4.092590614667317e-01
5.468750000000000e-01,3.084179480433313e-02
7.818070075697963e-01,3.936493174878791e-01
4.687271992867126e-01,7.149302253901180e-01
2.478039660267940e-02,3.189897075359878e-01
2.365276293124352e-02,9.296875000000000e-01
8.313638005946814e-01,9.600978578999637e-01
5.312500000000000e-01,2.500000000000000e-01
5.132601706696316e-01,2.804993010670910e-01
2.187500000000000e-01,2.500000000000000e-01
8.125326667706859e-01,3.516340054587020e-01
5.085145285826638e-01,4.906114460824960e-01
8.968229004135263e-01,1.754180471860030e-01
9.510494458750118e-02,4.692603287583433e-01
5.937500000000000e-01,0.000000000000000e+00
7.447409489620869e-01,8.590613586955562e-01
1.882229823787333e-01,6.174268601055671e-01
6.114575097151236e-02,7.587230057998049e-01
8.045601979556428e-01,2.865544539332271e-01
4.687500000000000e-01,2.500000000000000e-01
6.371814103073888e-01,1.035672662698124e-01
9.763484196358602e-01,4.140625000000000e-01
7.812500000000000e-01,0.000000000000000e+00
5.108214712584538e-01,9.107065379924461e-01
4.655439450156167e-01,9.147940726968481e-01
7.693360466092769e-01,3.250020430799231e-01
1.192439516433602e-01,8.374338373325697e-01
2.655508984473192e-01,9.052708150297725e-01
2.197832977768422e-01,9.331529741799971e-01
2.595848677566480e-01,9.679276386328802e-01
6.870241874669536e-01,4.548390161731121e-01
1.436142616543472e-01,1.572464205514491e-01
1.307251589480657e-01,3.180759080137332e-02
0.000000000000000e+00,8.359375000000000e-01
5.769544898119175e-01,2.195412961407154e-01
3.253806983209466e-01,7.950268601303297e-01
6.897464810338415e-01,8.546009913606673e-01
7.484474774568772e-01,7.496357323673550e-01
6.028316806358625e-02,4.220694340278577e-01
4.383655470961419e-01,6.846015853870898e-01
8.365799425697257e-01,6.899773128083753e-01
5.022608119677584e-01,3.228317428136485e-01
3.437500000000000e-01,0.000000000000000e+00
3.125000000000000e-02,2.500000000000000e-01
7.774770072387597e-01,7.222897685302696e-01
8.229878586611677e-01,6.377634335587609e-01
4.212369398497909e-01,9.724229254006670e-01
9.720210873983740e-01,1.093750000000000e-01
4.004735116984448e-01,5.189974649717812e-01
2.516313540852030e-01,7.755816352025616e-01
5.530654517848878e-01,1.569743909310753e-01
1.426956558485463e-01,2.187500000000000e-01
7.041461499409930e-01,6.412268203303458e-01
8.798217707629052e-01,4.140962808220124e-01
0.000000000000000e+00,6.953125000000000e-01
3.271174374771553e-02,7.024003318743758e-01
8.787629600639091e-01,6.445263392133058e-01
5.865385039883417e-01,1.043167543195768e-01
5.403199582168309e-01,4.911070006042257e-01
9.130268889050670e-01,7.532511821234166e-01
4.346649399055807e-01,8.416510673966919e-01
4.448519206525277e-01,3.196738615276248e-01
4.741718519163254e-01,7.782435689640510e-01
4.997018312782545e-01,2.184040406331304e-01
5.349327038792047e-01,1.852433420204226e-01
9.177281839546821e-01,3.957205571011750e-01
2.812500000000000e-01,0.000000000000000e+00
2.812500000000000e-01,2.500000000000000e-01
7.812500000000000e-01,1.000000000000000e+00
9.375000000000000e-02,2.500000000000000e-01
5.312500000000000e-01,1.000000000000000e+00
6.562500000000000e-01,2.500000000000000e-01
0.000000000000000e+00,2.187500000000000e-01
9.687500000000000e-01,2.500000000000000e-01
1.000000000000000e+00,1.562500000000000e-01
1.000000000000000e+00,2.187500000000000e-01
9.062500000000000e-01,2.500000000000000e-01
9.687500000000000e-01,0.000000000000000e+00
9.375000000000000e-02,0.000000000000000e+00
3.125000000000000e-02,0.000000000000000e+00
0.000000000000000e+00,3.125000000000000e-02
0.000000000000000e+00,9.375000000000000e-02
0.000000000000000e+00,1.562500000000000e-01
2.187500000000000e-01,1.000000000000000e+00
7.187500000000000e-01,1.000000000000000e+00
6.562500000000000e-01,0.000000000000000e+00
4.062500000000000e-01,0.000000000000000e+00
9.062500000000000e-01,0.000000000000000e+00
9.062500000000000e-01,1.000000000000000e+00
9.687500000000000e-01,1.000000000000000e+00
3.437500000000000e-01,1.000000000000000e+00
9.375000000000000e-02,1.000000000000000e+00
8.437500000000000e-01,0.000000000000000e+00
5.937500000000000e-01,1.000000000000000e+00
2.187500000000000e-01,0.000000000000000e+00
2.812500000000000e-01,1.000000000000000e+00
4.062500000000000e-01,1.000000000000000e+00
7.456732162429295e-01,5.367511317028584e-01
1.123501425624018e-01,7.985530586079781e-01
1.736701153791495e-01,7.886161663269581e-01
1.716321374373819e-01,8.217589912672243e-01
2.488775124813826e-01,6.058757849267969e-01
2.086554165415088e-01,6.558238074963023e-01
4.686264984290981e-01,5.165789344317848e-01
1.567959230030898e-01,9.249099772062642e-01
3.301075241521375e-01,8.404825093380700e-01
4.606960161606182e-01,4.558984155287409e-01
8.437610320961959e-01,4.770736678518508e-01
1.118560269083216e-01,6.643886251549809e-01
5.356808131749137e-01,6.822858618976015e-01
4.757914757014601e-01,4.135826876954200e-01
8.755453984672831e-01,9.841293486605027e-02
9.763185828131394e-01,7.421875000000000e-01
7.748381624060463e-01,4.878807815253831e-01
1.644996718310883e-01,6.841940493836830e-02
1.032003659947106e-01,6.684612704726901e-02
9.746017993006857e-01,9.357155246621092e-01
3.646706181423367e-01,1.117498359871549e-01
3.743764862879834e-01,9.328410575344537e-01
9.382024396929824e-01,9.781425134015595e-02
8.157418802151472e-01,5.721179518261543e-01
7.868742463217839e-01,2.197610113220952e-01
2.974778680733593e-02,4.444218284660966e-01
9.171520994824802e-01,9.173123852476844e-01
9.273933248353803e-01,9.704883433645379e-01
3.378586200811973e-01,6.302390628982594e-01
8.005876375608998e-01,4.537877754648206e-01
7.654310294060025e-01,4.263670580984437e-01
7.400208970283795e-01,4.693145806255580e-01
8.845438635250240e-01,8.663376161664487e-01
1.236757968197098e-01,6.926481726709400e-01
1.293439004365854e-01,9.461443289674792e-02
7.812500000000000e-02,9.730541318422264e-01
2.963637312508041e-01,6.483638268163529e-01
3.502233628375808e-01,2.806527425439334e-01
2.364718848524336e-02,6.444076873669127e-01
8.648608270684887e-01,2.201587272529246e-01
5.470413058040312e-01,5.721516139403462e-01
2.881769979832237e-01,4.923616353299191e-01
9.355383776851363e-01,4.926837344931142e-01
6.568135336367815e-01,9.245949304122302e-01
6.739482697651672e-01,6.734697655267893e-01
2.533493845335723e-01,5.429426578550278e-01
2.487874566609941e-01,4.903607397115517e-01
8.273239384498079e-01,1.795427045999860e-01
6.972762115398217e-01,2.200034012545696e-01
7.148343632188290e-01,1.774974477430834e-01
7.471520710670931e-02,4.918054327312627e-01
9.370629640581287e-01,8.725305465813034e-01
4.289161421337627e-01,9.290696077368683e-01
3.268374058016490e-01,5.408656120101718e-01
9.370258404855932e-01,8.125302669949862e-01
1.000000000000000e+00,8.359375000000000e-01
9.690642062113621e-01,8.186303974400517e-01
4.586665057228664e-01,8.761187341323191e-01
4.857813666407707e-01,8.228850695135561e-01
8.117936078630851e-02,6.179414904559902e-01
4.173487569627157e-01,2.783933376868563e-01
5.868180797466356e-01,5.248642656648608e-01
5.568614960935909e-01,5.241542377070858e-01
7.265425039603093e-01,3.208497761715551e-02
5.954488895078018e-01,4.783321991510775e-01
5.428461460740370e-01,3.445412427050477e-01
8.503449297346800e-01,3.803293440638165e-01
3.772967009096475e-01,5.839065379263374e-01
9.322685389391431e-01,7.118605503616560e-01
8.984382340717836e-01,3.193748910858100e-01
8.661452867080947e-01,2.789395128542466e-01
8.423100028613912e-01,3.179149498867730e-01
2.146615935673034e-01,7.246698083006229e-01
8.450746688691513e-02,7.373064308354323e-01
8.906250000000000e-01,9.740051647220865e-01
1.580706629262184e-01,3.528845096385859e-01
4.329427083333331e-02,6.998697916666667e-02
2.986653645833334e-02,1.809082031250000e-01
1.919804089274434e-01,9.002916422326359e-01
8.307811103862652e-01,5.034493222289224e-01
4.979261699155048e-01,5.179661875578361e-01
6.989507992751921e-02,4.338617007248077e-02
2.539782540759344e-01,6.470302710574707e-01
6.311524994271784e-01,5.609971711282562e-01
6.789673391927845e-01,3.109098890126078e-01
7.036038196882033e-01,4.788836606816437e-01
5.003771956369543e-01,6.097810245503461e-01
2.032059648467198e-01,5.563888765227106e-01
2.060897797938169e-01,8.708162004252449e-01
9.201656772513394e-01,6.202094294062701e-01
6.188783808799848e-02,6.949718390067975e-01
5.444353078562066e-01,9.671949587383689e-01
5.949889280865895e-01,3.419087487115394e-01
3.146766261951806e-01,9.398509503757506e-01
2.174475497811227e-01,8.304262348747815e-01
7.006087359526236e-01,9.035744450138903e-01
6.347027863582963e-02,5.324907031897876e-01
9.359109823741024e-01,7.707157277630727e-01
7.597006449968278e-01,1.356088587731991e-01
2.215455525822776e-01,7.814996897126676e-01
2.257677031494895e-01,4.440675218256937e-01
9.273372605890908e-01,4.500960961825982e-01
6.673574615259734e-01,8.064156698601100e-01
3.738806600183610e-01,5.035981141075132e-01
4.218750000000000e-01,2.248845176091270e-01
8.746176914857594e-01,1.559209371909165e-01
9.744387749716528e-01,3.759983395387569e-01
2.859673582010628e-01,1.125739232804000e-01
2.377232142857143e-01,1.350446428571429e-01
5.156250000000000e-01,2.432550131229617e-02
8.810099006231054e-02,4.408805769919580e-01
1.202509824308137e-01,4.124473093910974e-01
1.933801136601084e-01,3.638545520198958e-01
6.985314897440633e-01,2.637322924666520e-02
6.889082823663559e-01,8.036684492372444e-02
7.298581802836565e-01,6.252979821428649e-02
9.344949362274064e-01,9.427283302983174e-01
9.761733716475096e-01,7.812500000000000e-02
4.084343563322582e-01,8.896063350539192e-01
5.425674276809560e-01,2.772307635204710e-01
1.035723693392816e-01,5.799679956604047e-01
1.000000000000000e+00,9.765625000000000e-01
1.000000000000000e+00,2.734375000000000e-01
0.000000000000000e+00,2.734375000000000e-01
2.542890370349428e-02,9.700265641976705e-01
2.131696428571428e-01,1.841517857142857e-01
9.722205814199650e-01,5.266692939832343e-01
7.181001705672727e-02,8.011216907523282e-01
2.309194020573133e-01,3.205455515590232e-01
5.881254054434649e-01,7.543286405195805e-02
5.081713574073198e-01,8.702182169074884e-01
9.322192534064938e-01,2.859152338820367e-02
6.058622103818179e-01,5.043301297754476e-01
9.201905406962829e-01,1.193714680238875e-01
7.821533862332127e-01,8.380886115267906e-02
6.554092403309520e-01,1.836909072879375e-01
6.104709497780916e-01,8.858515302698043e-01
8.018008801451378e-01,7.362066146922388e-01
8.609996050747108e-01,4.347530034844744e-01
8.496251377105467e-01,8.605836070922005e-01
2.742471304922137e-01,4.387665520405741e-01
2.336358920969905e-01,4.022465447613053e-01
1.705097824011591e-01,5.122872815069547e-01
1.509857806114025e-01,6.422671882324460e-01
8.100231874610552e-01,1.526646325115751e-01
8.536376296455503e-01,7.579380553827314e-01
5.772068931754857e-01,4.244315009638751e-01
1.250761557171673e-01,7.711164677854128e-01
3.585085196786854e-01,6.576149233059318e-02
3.096063541114778e-01,6.211235675042688e-02
1.701712861096138e-01,2.253972711792454e-01
7.901788998927883e-01,9.278569227618257e-01
4.318855533185346e-01,8.691770744025528e-01
2.896011590331548e-02,8.388630242102153e-01
3.237916596592759e-01,5.775995806963969e-01
7.174329634707857e-01,8.544978203315958e-01
3.916467534687207e-01,8.102309243295852e-01
6.154377730107321e-01,7.307330381902946e-01
6.487871344997200e-01,6.964678463949566e-01
6.692259588041214e-01,7.307008269977886e-01
2.231567096419895e-01,7.034210699496186e-02
6.218582828605779e-01,3.931136445019259e-01
1.523852369712063e-01,5.489308290190212e-01
2.533482142857143e-01,1.819196428571428e-01
9.724539761176677e-01,8.553841686546736e-01
9.730234919687195e-01,1.369691213939718e-01
4.114687456426581e-01,6.451824405318048e-01
3.670420176487905e-01,3.787740469365287e-01
4.286731622151517e-01,6.799272831409151e-02
3.323631920263326e-01,3.356964763544744e-01
7.082235841981835e-01,7.648463209553960e-01
7.119194975535225e-01,7.996552526663709e-01
9.895833333333333e-02,1.374747526325345e-01
8.914958144879378e-01,8.249867645011941e-01
7.651564323630933e-01,6.965359539973952e-01
8.339214005548042e-01,7.173307675676466e-01
7.220498198861471e-01,7.324583354894530e-01
4.032967431758497e-01,9.192473824734839e-01
8.916734154582600e-01,1.203213153658421e-01
2.206781679113903e-01,6.048602879697049e-01
5.945190664897908e-01,2.785932810907212e-01
7.967637413383279e-01,6.449765433765440e-01
2.850220727413754e-02,5.275628137474160e-01
3.932693039471352e-01,9.750846445573115e-01
1.949656151587252e-01,3.949936644700792e-01
6.283868004024903e-02,8.844826255283312e-01
9.747507642121371e-01,6.384309510912463e-01
6.532679908942625e-01,3.196934456849549e-01
7.466530689395356e-02,6.449107526880378e-01
2.715878004255277e-02,6.175423875291484e-01
1.835315558374527e-01,1.146125127266825e-01
1.998981226219567e-01,1.364823377097082e-01
1.093750000000000e-01,2.741708598884952e-01
2.825723507838141e-01,5.369697676702586e-01
3.938622252694277e-01,2.421763195774469e-02
5.000724224888073e-01,7.294817815200958e-01
4.534181614391750e-01,7.379632895102830e-01
2.240793744347119e-01,5.009238871497650e-01
9.414281535757418e-01,1.553892456363584e-01
5.574040405087853e-01,6.658393268617192e-01
5.743874433974262e-01,7.173958303902630e-01
6.808380525266653e-01,1.353029704273472e-01
8.548662727604073e-01,6.322926051829016e-01
8.207555221739442e-01,4.111549118774501e-01
9.425007391462084e-01,6.044301209931527e-01
9.381048681344397e-01,6.565523612909622e-01
2.745256593078302e-01,5.644307682366453e-01
5.242039336531515e-01,7.853851035223705e-01
5.648785431976411e-01,7.519084509362743e-01
5.558110981943810e-01,7.989511146473587e-01
5.597421565453339e-01,4.727829343000708e-01
5.933344802783531e-01,5.939479327891640e-01
7.906242729313450e-01,6.870534817940386e-01
4.186350384718842e-01,3.727250274783838e-01
7.392939766750346e-01,8.057343147834564e-01
2.031250000000000e-01,2.717371787426916e-01
1.904294694741289e-01,3.094245936922421e-01
6.430348071347776e-01,8.182674362264593e-01
8.253422504437523e-01,9.018313484673228e-01
4.631258706390200e-01,5.652324940575286e-01
4.655513913727051e-01,6.042755336822707e-01
3.281250000000000e-01,2.255466008861503e-02
8.992737813578862e-01,4.524308079468924e-01
2.243254005114656e-02,4.990544221094064e-01
3.645722523331886e-01,6.309476540333865e-01
3.966900687698260e-01,1.886265540614780e-01
6.718750000000000e-01,2.713493620589911e-01
6.756772790116619e-01,5.695442275758715e-02
7.259870811338739e-01,6.573289969926213e-01
4.479784401044859e-01,7.832797894075569e-01
3.684049151431990e-01,7.976121964374256e-01
4.301386353353001e-01,1.701082475422138e-01
5.685932659962474e-01,9.325066436986021e-01
5.166341762866182e-01,9.363456497489253e-01
3.400562460682325e-01,4.599407178261549e-01
4.992633261872589e-01,1.481055033111699e-01
2.795385312445033e-02,8.108803775027122e-01
0.000000000000000e+00,7.890625000000000e-01
1.121970891423954e-01,5.297572292443042e-01
5.033840287751580e-01,4.643829752136303e-01
1.470409530846384e-01,4.327959107885204e-01
4.807533209186923e-01,1.872228886905587e-01
9.781385867877894e-01,6.867705577463408e-01
3.593750000000000e-01,2.098718190579306e-02
8.262961155967030e-01,8.485613513641155e-01
8.387021034077726e-01,1.244655554195610e-01
7.588453458261543e-01,6.437404286393020e-01
7.127033451983842e-01,6.165450711157054e-01
7.028108362584765e-02,3.052322077127452e-01
4.245651399001668e-01,5.702639845773306e-01
3.419596739374153e-01,7.145497287280902e-01
2.979555995813465e-01,7.432521013276590e-01
3.311185760215009e-01,7.527177701293026e-01
9.740090529399399e-01,9.095256783562543e-01
7.645064086972969e-02,1.510416666666667e-01
2.752976190476190e-02,1.250000000000000e-01
6.398809523809523e-02,9.895833333333333e-02
9.062500000000000e-01,6.770833333333333e-02
8.906250000000000e-01,2.083333333333333e-02
5.781250000000000e-01,2.207017066970964e-02
4.996374779456726e-01,7.696873066691637e-01
2.240397088148088e-01,5.791093636266975e-01
5.403772889757095e-01,5.453333403853254e-01
5.884712032850138e-01,3.670490390967289e-01
6.399684804370572e-01,3.586837167910685e-01
5.902540703354325e-01,8.226635256602056e-01
1.212395654685944e-01,4.678176156030015e-01
6.745812974867962e-01,3.709032230337218e-01
6.816115441206845e-01,3.969047295228453e-01
6.730415680435547e-01,2.154148557101196e-02
2.871022231998091e-01,8.547251279707959e-01
3.852695730287751e-01,6.878517160313373e-01
3.727533397669474e-01,7.613135077605909e-01
4.130139107177156e-01,7.313673885375032e-01
3.771577369142676e-01,7.162715388234776e-01
2.620140243336708e-01,6.940379621059518e-01
2.178816715721606e-01,6.990217223960289e-01
2.531328451855107e-01,7.334042380122624e-01
6.625187187930982e-01,9.715084207836914e-01
9.681949348486361e-01,4.386133618446224e-01
1.000000000000000e+00,4.609375000000000e-01
6.521142859208033e-01,8.613437384678521e-01
3.375155643589204e-01,6.826149615589094e-01
5.890544647697114e-02,6.051789555015470e-01
4.767776959635226e-01,6.558318254903827e-01
4.900874200674554e-01,6.994772164601223e-01
6.093750000000000e-01,2.286773874127469e-01
2.688330372925936e-02,7.693231161897883e-01
7.616436532575099e-01,2.265963634476548e-01
6.980762069239873e-01,4.317695582231895e-01
7.394612290204612e-01,4.240877449109259e-01
3.994635055253735e-01,4.201381084515485e-01
6.187956682773742e-01,9.392106112868649e-01
6.372293806514491e-01,9.771553035217737e-01
3.414101687576240e-01,3.793999956440687e-01
2.272259379995619e-02,2.851562500000000e-01
5.517102707026720e-01,5.586451658193558e-02
3.805901131348519e-01,5.579409582379453e-01