1.000000000000000e+00,1.000000000000000e+00
1.000000000000000e+00,0.000000000000000e+00
2.000000000000000e+00,0.000000000000000e+00
2.000000000000000e+00,1.000000000000000e+00
0.000000000000000e+00,1.000000000000000e+00
0.000000000000000e+00,0.000000000000000e+00
0.000000000000000e+00,5.000000000000000e-01
5.000000000000000e-01,0.000000000000000e+00
1.000000000000000e+00,5.000000000000000e-01
5.000000000000000e-01,1.000000000000000e+00
1.500000000000000e+00,0.000000000000000e+00
2.000000000000000e+00,5.000000000000000e-01
1.500000000000000e+00,1.000000000000000e+00
5.000000000000000e-01,5.000000000000000e-01
1.500000000000000e+00,5.000000000000000e-01
0.000000000000000e+00,2.500000000000000e-01
2.500000000000000e-01,0.000000000000000e+00
2.500000000000000e-01,1.000000000000000e+00
0.000000000000000e+00,7.500000000000000e-01
1.000000000000000e+00,2.500000000000000e-01
7.500000000000000e-01,0.000000000000000e+00
1.000000000000000e+00,7.500000000000000e-01
7.500000000000000e-01,1.000000000000000e+00
2.000000000000000e+00,2.500000000000000e-01
1.750000000000000e+00,0.000000000000000e+00
2.000000000000000e+00,7.500000000000000e-01
1.750000000000000e+00,1.000000000000000e+00
1.708333333333333e+00,2.916666666666667e-01
1.750000000000000e+00,6.250000000000000e-01
1.250000000000000e+00,1.000000000000000e+00
7.083333333333333e-01,2.916666666666667e-01
1.250000000000000e+00,3.750000000000000e-01
2.916666666666666e-01,7.083333333333334e-01
3.750000000000000e-01,2.500000000000000e-01
7.500000000000000e-01,6.250000000000000e-01
1.291666666666667e+00,7.083333333333334e-01
1.250000000000000e+00,0.000000000000000e+00
2.569444444444444e-01,4.652777777777778e-01
5.366379310344828e-01,7.535919540229885e-01
1.463362068965517e+00,2.464080459770115e-01
1.534722222222222e+00,7.430555555555555e-01
8.125000000000000e-01,8.125000000000000e-01
1.875000000000000e-01,1.875000000000000e-01
1.812500000000000e+00,8.125000000000000e-01
1.187500000000000e+00,1.875000000000000e-01
1.182598039215686e+00,5.526960784313726e-01
8.690476190476190e-01,3.750000000000000e-01
1.869047619047619e+00,3.750000000000000e-01
1.450441919191919e-01,6.052714646464646e-01
3.750000000000000e-01,8.690476190476191e-01
5.526960784313725e-01,1.825980392156862e-01
1.609285201149425e+00,1.421772372742201e-01
1.375000000000000e+00,8.690476190476191e-01
1.161458333333333e+00,8.385416666666666e-01
1.838541666666667e+00,1.614583333333334e-01
8.385416666666666e-01,1.614583333333334e-01
1.614583333333333e-01,8.385416666666667e-01
6.736111111111112e-01,4.652777777777778e-01
1.673611111111111e+00,4.652777777777778e-01
1.652243589743590e+00,8.632478632478633e-01
1.367521367521368e-01,3.477564102564102e-01
6.570970491253563e-01,8.648656830417855e-01
1.342902950874644e+00,1.351343169582145e-01
5.102479397556124e-01,3.386260301221938e-01
1.345934322803195e+00,5.542676561365287e-01
1.562580964015056e+00,3.615159311863891e-01
3.654513888888889e-01,5.737847222222222e-01
6.929750044954185e-01,1.362784921584263e-01
1.146884361383442e+00,6.937593613834423e-01
3.885761027438350e-01,4.119117252375990e-01
1.125000000000000e+00,3.125000000000000e-01
1.609126984126984e+00,5.942460317460317e-01
1.875000000000000e+00,6.875000000000000e-01
6.091269841269842e-01,5.942460317460317e-01
8.750000000000000e-01,6.875000000000000e-01
1.401344652101430e+00,3.848106957971396e-01
4.272788902795160e-01,1.198894451397580e-01
8.544456845238095e-01,5.213913690476191e-01
1.854445684523810e+00,5.213913690476191e-01
1.459145598825950e+00,6.298442795328008e-01
1.125000000000000e+00,0.000000000000000e+00
1.000000000000000e+00,1.250000000000000e-01
1.250000000000000e-01,0.000000000000000e+00
0.000000000000000e+00,1.250000000000000e-01
8.750000000000000e-01,1.000000000000000e+00
1.000000000000000e+00,8.750000000000000e-01
2.000000000000000e+00,8.750000000000000e-01
1.875000000000000e+00,1.000000000000000e+00
1.522801007606054e+00,8.722628989257429e-01
1.280008648150532e-01,4.769292340226777e-01
1.702917633036980e+00,7.448607889876734e-01
2.695382451711197e-01,3.321750950221553e-01
1.296843276428403e+00,2.552189078571988e-01
7.031567235715964e-01,7.447810921428012e-01
1.000000000000000e+00,3.750000000000000e-01
1.000000000000000e+00,6.250000000000000e-01
6.250000000000000e-01,0.000000000000000e+00
1.375000000000000e+00,0.000000000000000e+00
3.750000000000000e-01,0.000000000000000e+00
1.250000000000000e-01,1.000000000000000e+00
8.750000000000000e-01,0.000000000000000e+00
1.875000000000000e+00,0.000000000000000e+00
1.375000000000000e+00,1.000000000000000e+00
1.625000000000000e+00,0.000000000000000e+00
0.000000000000000e+00,3.750000000000000e-01
0.000000000000000e+00,6.250000000000000e-01
2.000000000000000e+00,3.750000000000000e-01
3.750000000000000e-01,1.000000000000000e+00
1.125000000000000e+00,1.000000000000000e+00
2.000000000000000e+00,1.250000000000000e-01
0.000000000000000e+00,8.750000000000000e-01
1.625000000000000e+00,1.000000000000000e+00
6.250000000000000e-01,1.000000000000000e+00
2.000000000000000e+00,6.250000000000000e-01
2.979288363930608e-01,1.201429454643536e-01
1.467495801960444e+00,1.210948484735260e-01
4.109195402298850e-01,7.484605911330049e-01
5.325041980395562e-01,8.789051515264740e-01
4.831670727569156e-01,6.331060043826487e-01
1.141615160556976e+00,4.355196788860472e-01
1.410563928262579e+00,7.441080577174997e-01
1.735997378973042e-01,7.204747378973043e-01
1.726779419517741e+00,1.177405871461850e-01
1.601194379111138e+00,2.550962033437885e-01
2.534919507575758e-01,5.772372159090909e-01
1.263392857142857e+00,8.876488095238095e-01
2.633928571428572e-01,8.876488095238095e-01
1.819940476190476e+00,2.730654761904763e-01
8.199404761904761e-01,2.730654761904762e-01
1.780548358526761e+00,4.400964900881960e-01
7.583027058698200e-01,3.919383189517417e-01
5.750282248382511e-01,4.237522353023667e-01
6.008360210023379e-01,2.794828358598495e-01
1.320978179341451e+00,4.523195798059300e-01
8.163442644334186e-02,6.821295860397322e-01
1.890625000000000e+00,8.906250000000000e-01
8.333333333333333e-02,1.875000000000000e-01
2.028380815996574e-01,8.844602719988583e-02
2.766521142611967e-01,2.325436572164097e-01
1.187500000000000e+00,8.333333333333333e-02
9.062500000000000e-01,7.812500000000000e-01
8.906250000000000e-01,8.906250000000000e-01
1.906250000000000e+00,7.812500000000000e-01
1.093750000000000e+00,2.187500000000000e-01
7.545696325008384e-01,8.973565441669461e-01
1.750811235865584e+00,8.961037452885279e-01
5.625000000000000e-01,8.086590340834317e-02
1.098246307231186e+00,6.063928842305680e-01
9.077380952380953e-02,9.077380952380952e-02
1.090773809523810e+00,9.077380952380952e-02
1.225558903129199e+00,6.386252337033450e-01
4.610923478694773e-01,2.090340151496560e-01
7.542527598351648e-01,5.248380520595106e-01
6.459235536037465e-01,3.619913988405765e-01
1.761240007566495e+00,5.318817497276286e-01
7.560381768882634e-01,2.050614223385200e-01
1.410261012608463e+00,4.770161324177848e-01
1.365386934267406e+00,6.477099697534587e-01
1.929267473118280e+00,1.875000000000000e-01
1.907524690275830e+00,9.218971500852076e-02
1.246171636758151e+00,7.930466367581516e-01
7.073252688172042e-02,8.125000000000000e-01
9.247530972417010e-02,9.078102849914793e-01
9.292674731182795e-01,1.875000000000000e-01
9.075246902758297e-01,9.218971500852073e-02
7.757920537418461e-01,9.086269095877259e-02
2.400955776842301e-01,7.869705776842302e-01
1.808806811326238e+00,7.275782389636429e-02
1.070732526881720e+00,8.125000000000000e-01
1.092475309724170e+00,9.078102849914793e-01
1.912105021337907e+00,2.781978201831695e-01
9.121050213379069e-01,2.781978201831695e-01
1.791528422024653e+00,7.238892110123266e-01
7.916878157143976e-01,7.239689078571988e-01
1.208312184285602e+00,2.760310921428012e-01
1.756991788156097e+00,2.052203575498257e-01
9.345238095238094e-01,4.375000000000000e-01
1.934523809523810e+00,4.375000000000000e-01
1.437500000000000e+00,9.345238095238095e-01
4.375000000000000e-01,9.345238095238095e-01
3.725616989755203e-01,6.651895248862173e-01
1.228780007469370e+00,4.707886080262184e-01
1.562500000000000e+00,6.504899166751489e-02
1.535876559180053e+00,1.936667353972301e-01
6.536271996350887e-02,5.625000000000000e-01
1.934836256037958e+00,5.625000000000000e-01
9.348362560379583e-01,5.625000000000000e-01
4.566467989870550e-01,8.277247094351965e-01
1.187500000000000e+00,9.355758238725953e-01
1.875000000000000e-01,9.355758238725954e-01
6.169761231634859e-01,6.939779188977889e-01
1.668125468161864e+00,6.620165447127311e-01
1.591214726631393e+00,5.046847442680776e-01
1.657070842211777e+00,3.716919462201331e-01
1.099887623675883e+00,5.158691954613792e-01
6.226854751147515e-01,7.827911461419014e-01
3.305695598137626e-01,7.901697871282585e-01
5.865305325818898e-01,5.101085479043448e-01
1.784593528938590e+00,3.528899222770644e-01
1.333342556005071e+00,7.852883844306067e-01
1.473142764552672e+00,8.025275974542218e-01
6.622701297028378e-01,2.177663989757395e-01
1.354166666666667e-01,2.591702279202279e-01
1.618446586095469e+00,7.787427777360921e-01
0.000000000000000e+00,3.125000000000000e-01
2.094429575680048e-01,3.936361846162499e-01
1.836666296419157e+00,6.079174071616860e-01
8.366662964191570e-01,6.079174071616860e-01
1.382345493622269e+00,2.932011385826609e-01
1.584728426143878e+00,6.750527051354311e-01
6.875000000000000e-01,1.000000000000000e+00
1.679307195864835e+00,5.487309788847985e-01
2.142615554505040e-01,6.492551722020035e-01
1.270189535060414e+00,1.761199671037663e-01
1.273929089277619e+00,8.305098362488124e-02
1.411267369376766e+00,1.819648081701025e-01
0.000000000000000e+00,4.375000000000000e-01
1.591314051301623e+00,9.221993420845613e-01
1.670498916052510e+00,2.033126396216698e-01
7.731537126068377e-02,4.062500000000000e-01
3.427725432967068e-01,4.879566233699599e-01
1.264149315830164e+00,5.656278299055975e-01
1.687500000000000e+00,1.000000000000000e+00
1.487419574711613e+00,4.109326983670510e-01
1.464918602907862e+00,3.302016652848865e-01
3.550792513951871e-01,3.331953632609953e-01
1.000000000000000e+00,6.875000000000000e-01
1.822415656691433e+00,9.366843795273476e-01
4.462473953896857e-01,2.887834789342508e-01
4.747801464819794e-01,4.173860520301270e-01
8.229836475148948e-01,4.443292349237342e-01
7.322605135514757e-01,8.199240278289671e-01
6.756431877205955e-01,5.468989748126787e-01
1.968419507215863e-01,5.194573482612496e-01
1.438841744042993e+00,5.521064586881492e-01
1.733131836119601e+00,8.184975899431328e-01
3.285590277777778e-01,9.345238095238095e-01
1.312500000000000e+00,1.000000000000000e+00
8.125000000000000e-01,1.000000000000000e+00
4.198917601920009e-01,5.134893045331258e-01
1.077790870121301e+00,7.332372058804686e-01
5.232405503206691e-01,2.595791787880157e-01
1.687500000000000e+00,0.000000000000000e+00
1.656743879051833e+00,7.568283905351395e-02
1.000000000000000e+00,4.375000000000000e-01
1.529988217594963e+00,2.870816782138715e-01
1.327457955816715e+00,3.523593387973509e-01
9.375000000000000e-01,1.000000000000000e+00
2.000000000000000e+00,9.375000000000000e-01
1.535068258031256e+00,6.159716869613687e-01
1.081152011309641e+00,3.810540226192824e-01
1.000000000000000e+00,3.125000000000000e-01
1.987510870015086e-01,3.025185951894431e-01
5.625000000000000e-01,1.000000000000000e+00
6.005390654136388e-01,9.228110509230952e-01
1.437500000000000e+00,0.000000000000000e+00
1.399460934586361e+00,7.718894907690473e-02
6.411254848194414e-01,7.704872765442942e-02
3.357233162523242e-01,1.855113224530532e-01
6.730653396610877e-01,6.393887462324165e-01
1.605655360856292e+00,4.290336397189195e-01
3.109669872340630e-01,6.240019765311626e-01
6.216816681458646e-01,1.559437559156827e-01
1.861746651785714e+00,4.481956845238095e-01
5.432429670607106e-01,6.785527038440060e-01
4.754371679695679e-01,7.103946803120881e-01
7.501324890749672e-02,3.043839897335739e-01
1.217080700515359e+00,7.228502976262343e-01
1.143060479718629e+00,7.672689481666025e-01
1.327246227709191e+00,9.266470091122869e-01
1.000000000000000e+00,5.625000000000000e-01
5.358146975860403e-01,5.688321463205916e-01
3.115271739500156e-01,3.982137365971444e-01
3.625191397122174e-01,7.678546036505490e-02
1.661503637429416e+00,9.337813472145449e-01
1.725484565055253e+00,3.938451931287909e-01
5.024029442563831e-01,1.264128223758444e-01
4.375000000000000e-01,0.000000000000000e+00
4.699946908887376e-01,6.379961173775725e-02
1.295794501001759e+00,6.382179565110603e-01
9.375000000000000e-01,6.562500000000000e-01
1.187935791987551e+00,3.428784160248982e-01
1.937500000000000e+00,7.187500000000000e-01
1.927210589804446e+00,6.356711796088930e-01
1.000000000000000e+00,9.375000000000000e-01
1.937500000000000e+00,1.000000000000000e+00
6.690971819568612e-01,9.331530898202766e-01
1.073454944778885e-01,7.499206387638554e-01
1.869908299928041e+00,2.232403652524313e-01
8.699082999280406e-01,2.232403652524313e-01
5.773118091863964e-01,3.548027349159383e-01
1.124255952380952e+00,1.540178571428572e-01
1.354166666666667e-01,1.428571428571428e-01
1.444231115397167e+00,8.655310132247820e-01
3.125000000000000e-01,0.000000000000000e+00
8.219626126022654e-01,8.811623873977346e-01
1.472298177890189e+00,7.028960309771642e-01
1.073000686901059e+00,4.508962878145378e-01
4.352314948354036e-01,3.586940847489378e-01
1.345311416228675e+00,2.049337338368349e-01
7.108964460258994e-01,6.019181503577284e-02
4.351301473778832e-01,5.819726043539077e-01
8.125000000000000e-01,0.000000000000000e+00
8.073232928518163e-01,3.419398170341962e-01
1.555597698271026e+00,8.101352375107331e-01
7.413513991851041e-01,4.579333249544830e-01
1.000000000000000e+00,1.875000000000000e-01
1.939453125000000e+00,8.417968750000000e-01
9.394531250000000e-01,8.417968750000000e-01
1.062500000000000e+00,2.812500000000000e-01
8.437500000000000e-01,6.285729472132061e-02
5.630355154606987e-01,8.171875156478349e-01
1.544910571268023e+00,1.284723922820357e-01
1.160232318469032e+00,6.291064228132179e-01
9.345238095238095e-01,3.719529478458050e-01
1.934523809523810e+00,3.461466592368577e-01
1.312500000000000e+00,0.000000000000000e+00
1.937500000000000e+00,0.000000000000000e+00
2.000000000000000e+00,6.250000000000000e-02
9.375000000000000e-01,0.000000000000000e+00
1.000000000000000e+00,6.250000000000000e-02
1.062500000000000e+00,1.000000000000000e+00
6.250000000000000e-02,1.000000000000000e+00
0.000000000000000e+00,9.375000000000000e-01
8.487751999520228e-01,9.404500285645747e-01
6.552178593177167e-02,4.969053669623468e-01
1.394555931117000e+00,8.070827964114521e-01
1.526712510315665e+00,9.388646348414533e-01
1.424866619031703e-01,4.130277709291224e-01
1.275287182444726e-01,5.422946908002588e-01
2.637686595586339e-01,6.413888464529549e-02
2.524263535491086e-01,1.697437503243817e-01
1.643447734395858e+00,3.065338030139375e-01
9.308035714285714e-01,7.209821428571429e-01
1.728077724561765e+00,6.855663157422835e-01
1.058218384659253e+00,1.562500000000000e-01
7.367218397988525e-01,6.888573970660841e-01
1.263278160201147e+00,3.111426029339160e-01
1.087313413520142e+00,6.697013256089601e-01
1.062500000000000e+00,0.000000000000000e+00
6.250000000000000e-02,0.000000000000000e+00
0.000000000000000e+00,6.250000000000000e-02
1.851458816518490e+00,7.474303944938366e-01
1.153640546071401e+00,2.421716382142018e-01
8.463594539285995e-01,7.578283617857982e-01
3.128751192101563e-01,2.851997374369947e-01
4.015281788351144e-01,1.806421385113692e-01
1.547924950275506e+00,4.572175907401062e-01
1.633907116876851e+00,7.163879811689267e-01
1.283463885598783e+00,5.044097404985585e-01
1.910251795116588e-01,4.553332197174453e-01
2.877974714420060e-01,5.222621440543902e-01
3.962628745986055e-01,8.097380085535307e-01
3.505895299554843e-01,7.304878890838692e-01
1.336322205220622e+00,7.213654113589284e-02
5.019151500495276e-01,9.356042615328103e-01
1.498080218678382e+00,6.439449534424027e-02
1.473870638276242e+00,1.846353106371524e-01
9.374389419410134e-01,4.999931039076005e-01
1.937438941941013e+00,4.999931039076005e-01
3.125000000000000e-01,1.000000000000000e+00
1.875000000000000e-01,1.000000000000000e+00
2.000000000000000e+00,5.625000000000000e-01
1.562500000000000e+00,0.000000000000000e+00
4.375000000000000e-01,1.000000000000000e+00
1.437500000000000e+00,1.000000000000000e+00
2.000000000000000e+00,3.125000000000000e-01
2.000000000000000e+00,4.375000000000000e-01
1.000000000000000e+00,8.125000000000000e-01
1.812500000000000e+00,0.000000000000000e+00
2.000000000000000e+00,1.875000000000000e-01
5.625000000000000e-01,0.000000000000000e+00
1.187500000000000e+00,0.000000000000000e+00
1.875000000000000e-01,0.000000000000000e+00
0.000000000000000e+00,1.875000000000000e-01
0.000000000000000e+00,5.625000000000000e-01
0.000000000000000e+00,6.875000000000000e-01
0.000000000000000e+00,8.125000000000000e-01
1.187500000000000e+00,1.000000000000000e+00
1.812500000000000e+00,1.000000000000000e+00
2.000000000000000e+00,6.875000000000000e-01
6.875000000000000e-01,0.000000000000000e+00
2.000000000000000e+00,8.125000000000000e-01
1.562500000000000e+00,1.000000000000000e+00
1.543147325168459e+00,5.502407619420167e-01
1.809964907511984e+00,8.751904713743415e-01
8.021696218581627e-01,6.612893947866073e-01
1.802163530980528e+00,6.612584935170198e-01
1.230860696169173e+00,1.279300961773338e-01
1.351230287805646e+00,7.258385252391889e-01
1.169701577875654e+00,4.914515070466808e-01
1.195385596420125e+00,4.045041075294034e-01
1.716326697052647e+00,5.580542412778924e-02
1.313996528219558e+00,8.471488121744886e-01
1.675632077150510e+00,7.990734861229901e-01
6.154922295426143e-02,6.239401126946708e-01
1.393317632439209e+00,5.931494622536999e-01
1.414661722659401e+00,6.834024749488552e-01
1.779133401875194e+00,1.486164216068233e-01
1.669000504497220e+00,1.346141008669640e-01
1.935937500000000e+00,9.359375000000000e-01
9.081606315427859e-01,9.478418721959488e-01
4.666158024849896e-01,7.691515918155014e-01
2.318201265217025e-01,7.064974250277525e-01
1.565954253579966e-01,6.635489312486841e-01
1.598132503680848e-01,7.787147500325552e-01
3.146529991605639e-01,8.510876378205265e-01
7.812500000000000e-01,9.499677867824922e-01
1.461873209418733e-01,5.982804528877814e-02
1.590751313984812e+00,8.606549982875193e-01
1.234534783978324e+00,2.231547510820900e-01
9.483711053176279e-01,9.042227372233954e-01
6.109554988524315e-02,2.446551776247686e-01
7.854240253982464e-01,5.763328053363425e-01
4.705417494919760e-01,8.853316336952531e-01
6.948472567465137e-01,4.042308563372457e-01
8.802828472348889e-01,4.658893256343853e-01
7.519153630866825e-01,1.455404064415147e-01
1.527643643453106e+00,6.854627211792634e-01
6.788075634946739e-01,7.974194205806069e-01
2.155048659603867e-01,2.428201584940968e-01
1.491460956807212e+00,5.772498946183351e-01
8.131223143423806e-01,2.132171049028394e-01
4.330798005432235e-01,6.671274900735726e-01
6.015279126162613e-01,2.187368078743274e-01
1.393345418523995e+00,2.366830966284567e-01
1.813125645695882e+00,2.162630980281308e-01
1.665678695978803e+00,6.045804157369161e-01
7.240552725577384e-01,9.490195416460370e-01
1.139818663357258e+00,3.767206409979701e-01
7.008230445061776e-01,3.478568388444072e-01
1.582391111420455e+00,3.084887357663352e-01
1.613446154193866e+00,1.992247192389533e-01
1.204801534004265e+00,8.789209409594008e-01
8.638466246958771e-01,3.147095987735538e-01
2.048015340042650e-01,8.789209409594009e-01
1.271818560092391e+00,9.456270429564566e-01
1.836226920940207e+00,3.280154414587674e-01
2.449006736431132e-01,9.424182882803838e-01
7.611268409371427e-01,2.643056884799992e-01
1.766607090393959e+00,2.971871852208964e-01
7.552800864046191e-01,7.678006649959446e-01
5.983639638906616e-01,8.641134350292360e-01
1.956559506814437e-01,5.772812035774260e-01
3.527670268164207e-01,1.320469097565204e-01
8.974406632534453e-01,6.104753738713000e-01
1.754843135056020e+00,7.665720879240925e-01
7.530364577483248e-01,3.262386077083089e-01
4.535919187979363e-01,4.690107087451527e-01
1.381444469833299e+00,9.435838986936902e-01
1.720025713524390e+00,9.478146622836254e-01
1.857412331226025e+00,8.457126687739748e-01
8.824869791666666e-01,8.336588541666666e-01
1.877373010207192e+00,9.445354300295988e-01
1.046239682514844e+00,5.312500000000000e-01
1.712913464213125e+00,5.045161952445451e-01
5.582987942628019e-01,6.224216665438580e-01
1.817497021525285e+00,4.807439295679076e-01
1.824797988787190e+00,4.075482450440979e-01
1.726189997242402e+00,4.489086898546006e-01
6.817532446064828e-01,6.939001801354731e-01
3.830295138888889e-01,9.450968952922078e-01
4.140603937012541e-01,5.211333372716105e-02
5.535864501303013e-01,3.060591985391672e-01
6.560130086346878e-01,2.729726562211558e-01
1.890203140221684e+00,5.948314305427268e-01
7.043857725999024e-01,5.939808900208040e-01
5.105843922695152e-01,8.016828014338627e-01
1.048879776132954e+00,5.849911987279250e-01
5.365910753708378e-02,7.315110031682004e-01
1.811330248037850e+00,5.576216755113030e-01
6.169045736722610e-01,4.621186633436136e-01
5.338511646455415e-01,3.878758988996130e-01
5.231769258947843e-01,4.477682463140762e-01
6.503029732376220e-01,7.370722302085519e-01
1.654598393928719e+00,2.543008228116799e-01
3.927483139621257e-01,4.662414504529014e-01
1.196532479208893e+00,7.724920786439486e-01
1.050391421451615e+00,3.351578429032306e-01
8.034595960585199e-01,4.972538342758211e-01
1.483503086617197e+00,9.079865843812961e-01
1.396226486596732e+00,1.306065361365629e-01
1.374108650933631e+00,4.339782740320502e-01
1.335978578330389e+00,5.026761707061567e-01
1.299561908362787e+00,4.007411598292890e-01
4.825259164806860e-01,5.528257169991676e-01
2.533501157346781e-01,2.809495420003238e-01
3.118487924482243e-01,5.702930126570319e-01
6.257598847669529e-01,4.104163315430518e-01
1.354166666666667e-01,1.955605158730158e-01
1.174588585434174e+00,1.354166666666667e-01
4.166666666666666e-02,1.562500000000000e-01
1.156250000000000e+00,4.166666666666666e-02
1.218750000000000e+00,4.166666666666666e-02
3.956448985530264e-01,6.174149462065157e-01
1.727415731614889e+00,5.750364269532001e-01
1.706275134951543e+00,8.654326378273283e-01
1.732066110696620e+00,3.402117163709332e-01
8.102897701818546e-01,3.938784238208349e-01
2.641154190013625e-01,8.344469561943118e-01
6.428522207700130e-01,5.068794586563659e-01
5.271458179508221e-02,3.558469473360070e-01
1.771339716566193e+00,9.433445177277007e-01
7.021551360070266e-01,8.921457280225779e-01
7.793261083587590e-01,8.520550464854471e-01
1.586464866255140e+00,7.377190099050980e-01
1.516477918510842e+00,3.373503404234657e-01
1.710127818030220e+00,1.680826670395891e-01
5.732682630309768e-01,1.332421101096399e-01
5.937500000000000e-01,4.043295170417158e-02
5.206162811937602e-01,4.865158770992991e-02
2.597716608242787e-01,4.118346398477178e-01
1.313623461936351e+00,3.033249427390148e-01
1.435217856005219e+00,4.280689510822744e-01
4.040584599473195e-01,3.179589136784675e-01
1.228824599991651e+00,5.247868977859731e-01
1.863391115544915e+00,5.592787532013155e-02
1.856022756056884e+00,1.098837357778557e-01
1.896799307566090e+00,1.447716497184374e-01
1.947009240774715e+00,1.276283836607287e-01
1.383618754547237e+00,5.202392565496243e-01
1.148033767929521e+00,8.941560631483064e-01
1.134435670711228e+00,9.466251177415841e-01
1.480337679295207e-01,8.941560631483065e-01
1.344356707112281e-01,9.466251177415842e-01
7.114696411829317e-01,4.983917389078826e-01
2.189131956390871e-01,4.022068508159698e-02
2.476935455192043e-01,1.123642267635843e-01
1.859950056545170e-01,1.365524537205238e-01
6.223414373308711e-01,6.433808391651210e-01
5.732602596637543e-01,7.190051747306219e-01
1.142209826195464e+00,5.823526860674259e-01
1.887809105475014e+00,3.238867301186866e-01
2.683582223645370e-01,6.586246524467934e-01
3.265879848129173e-01,2.369791782191225e-01
1.267095595787346e-01,7.034787238999181e-01
1.115202922226038e-01,6.421997933884982e-01
1.484443935051748e+00,7.526124332510118e-01
1.271119559711199e+00,4.427863423287403e-01
3.128688392940203e-01,7.260997451790079e-02
5.507249004856780e-01,9.253360991633187e-01
1.446376987658896e+00,5.234200673955958e-02
1.741362502977021e+00,2.533404909428096e-01
8.687278300386301e-01,5.694157424639026e-01
7.142608810459105e-01,2.384904702214873e-01
7.045869185243887e-01,1.871826897887429e-01
1.038470541980442e+00,4.062500000000000e-01
1.958333333333333e+00,7.812500000000000e-01
1.859163708081366e+00,7.962411242440987e-01
1.109375000000000e+00,2.656250000000000e-01
1.046495091212619e+00,2.042647263621423e-01
9.529655612244898e-01,7.651466836734694e-01
8.592674368558043e-01,1.131150387483660e-01
9.012223101846526e-01,1.437626464880347e-01
9.485197633567161e-01,1.233709977937016e-01
2.111812642821677e-01,8.286209446459138e-01
1.644005130835243e+00,5.092195224021808e-01
1.346809059601588e+00,2.548782291731880e-01
1.055187002846240e+00,8.661815357249053e-01
1.108355215632459e+00,8.524867418271183e-01
4.097069217955424e-02,9.062500000000000e-01
4.656873096015299e-02,8.564280613591996e-01
1.039100566372900e+00,6.562500000000000e-01
7.973532750073686e-01,4.672705322243151e-02
1.614172828732418e+00,3.466577447628933e-01
1.335750558253758e+00,6.051336467619274e-01
1.078743037981226e-01,8.541621766048062e-01
8.898660022318646e-01,4.658748968707965e-02
1.946202374653897e+00,5.379762534610329e-02
9.462023746538968e-01,5.379762534610324e-02
1.053797625346103e+00,9.462023746538968e-01
4.005659640905543e-02,9.375000000000000e-02
1.040056596409055e+00,9.375000000000000e-02
1.001448316533417e-01,4.246776244228261e-02
1.093750000000000e+00,4.005659640905543e-02
1.139136904761905e+00,8.705357142857142e-02
6.542181523385285e-02,9.499819577901031e-01
4.209742610787547e-01,8.877307378014484e-01
1.538532296284845e+00,4.068061132540264e-01
1.474037268076514e+00,4.582450194080644e-01
4.548908335676856e-02,4.548908335676856e-02
1.045489083356768e+00,4.548908335676858e-02
9.466268797272589e-01,3.195008921207418e-01
1.260304512794789e+00,7.460635186070202e-01
1.240094918059941e+00,8.430213797842968e-01
1.198021266945598e+00,5.986889963979745e-01
1.260867592387873e+00,6.713409340129207e-01
1.187847273054665e+00,6.685120321657501e-01
1.774846778159326e+00,8.423738629114629e-01
1.331770031309954e+00,6.819655410195362e-01
5.016602447608134e-01,1.776797181116918e-01
4.461434414596256e-01,1.637191078606925e-01
4.164145936525628e-01,2.260881487851953e-01
1.157366497274000e-01,7.968301623147321e-01
6.567470139666319e-01,5.907490673905984e-01
1.680584711703182e+00,4.157906990853604e-01
1.683467698178912e+00,3.321697401773078e-01
3.068514418212804e-01,4.501523866774894e-01
1.611921685676964e+00,4.998411089766638e-02
8.705357142857142e-02,1.391369047619047e-01
7.281796786694196e-01,1.044166494164739e-01
7.989022708773116e-01,1.335065715316570e-01
1.035366263440860e+00,7.812500000000000e-01
9.646337365591398e-01,2.187500000000000e-01
1.947664889945576e+00,2.379539903879314e-01
3.926297647932377e-02,7.768400102441044e-01
1.953355079729771e+00,3.022607342411858e-01
1.952710396445436e+00,8.894279167759706e-01
2.025020918903223e-01,7.580682236912122e-01
2.863058150882537e-01,7.610466727873407e-01
6.150887328904475e-01,3.252678372248912e-01
1.765642789176612e+00,4.750098699274889e-02
1.346539454794899e+00,3.955944504845652e-01
1.880491007058639e+00,6.408194577838757e-01
1.770894183046628e+00,4.859891199079122e-01
9.451727078702149e-01,6.091191504510992e-01
6.169021825537381e-01,5.470548201952491e-01
1.552344017785839e+00,2.415978044567841e-01
1.413400205212112e+00,3.345355389017144e-01
1.433042542148262e+00,2.874451983062203e-01
1.771422318026219e+00,1.018671632113403e-01
1.482016430786980e+00,9.557386823270875e-01
1.292326611124351e+00,1.303998246829342e-01
1.141932748256833e+00,1.970999146683107e-01
1.410982926588564e+00,6.366221231066083e-01
1.451039979608380e+00,5.044792565349181e-01
9.549797981130124e-01,9.506586474743631e-01
1.866356070642032e+00,2.696459895282062e-01
9.155474388155705e-01,2.318765101881430e-01
9.592009147737023e-01,2.739127506583005e-01
1.615195268604971e+00,9.621198838828976e-02
8.883219556851151e-01,7.388103999352057e-01
1.117243990993725e+00,8.064309078172824e-01
1.633158399956731e+00,5.544369770911364e-01
1.860361531232411e-01,3.501966785781518e-01
1.902173203022806e+00,4.703236107662080e-01
3.902805817595933e-01,7.074976073395953e-01
3.328706471714113e-01,6.881798066304912e-01
8.672019878241604e-01,2.689964883510670e-01
3.437500000000000e-01,3.432762533393183e-02
8.900518111551305e-01,4.185426604225161e-01
1.299311548240087e+00,4.435708960110829e-02
4.980079538413489e-01,8.482274962401365e-01
1.516731669828144e+00,7.854423987615681e-01
8.607184684322772e-02,4.534839641042523e-01
1.915556626922669e+00,3.918233296184288e-01
1.545582445610332e+00,5.028275345149654e-01
3.351540945410275e-02,2.812500000000000e-01
1.790062302841166e+00,5.998644981857322e-01
1.809400323753214e+00,7.664465289903141e-01
1.829998420836894e+00,6.982033559930203e-01
1.658151761731998e+00,7.554933835725326e-01
1.623016488320020e+00,8.259260264147925e-01
2.426590061010816e-01,5.098568933895639e-01
9.040677156961283e-01,3.373029528043675e-01
8.300303335119448e-01,6.981646874421223e-01
1.163567778633616e+00,2.872103815675317e-01
8.007666563923632e-01,7.685464686277397e-01
1.252868019871325e+00,2.668598366412612e-01
5.777586236993747e-01,7.737997636851546e-01
1.895764211012327e+00,7.369446055061634e-01
1.185060356275724e+00,4.487212538466548e-01
1.503844107589810e+00,1.495381407431406e-01
1.113776430782472e+00,4.720721632794572e-01
1.140016805319798e+00,5.370361996202966e-01
1.088628195057854e+00,5.609417708739973e-01
3.714562690792507e-01,7.706862683605583e-01
3.541143190367749e-01,8.288597980109536e-01
9.658076298701299e-01,4.047264739229026e-01
1.411131139523117e+00,8.971264447409211e-01
4.691743053016051e-01,9.668568860649182e-01
1.967261904761905e+00,4.062500000000000e-01
1.061232164652060e-01,5.821722564581124e-01
3.268135998175443e-02,5.312500000000000e-01
1.900863165471536e+00,5.297777816805218e-01
9.008631654715364e-01,5.297777816805218e-01
1.967418128018979e+00,5.937500000000000e-01
1.033967585786170e+00,7.187500000000000e-01
3.460622266465123e-01,4.275025143120344e-01
1.530610991209547e+00,3.313846460374917e-02
1.588058197587312e+00,5.543694842174879e-01
1.353495649375258e+00,8.255463175066826e-01
1.449107326648348e+00,3.823015905017033e-01
6.694929860898273e-01,4.164227760068488e-02
1.703737308714055e+00,6.317293040021965e-01
1.678393775258343e+00,7.064321244769817e-01
1.630930542804760e+00,6.348308634690694e-01
1.218750000000000e+00,9.677879119362977e-01
1.229031770311157e+00,9.172897375047920e-01
1.570722319593845e+00,1.652722342017807e-01
1.500248805767793e+00,2.209028843363305e-01
6.641170592918086e-01,3.189723204981726e-01
1.967404437180095e+00,6.562500000000000e-01
1.906250000000000e+00,3.265770757314240e-02
1.033223291651219e+00,9.058226676184329e-01
1.093750000000000e+00,9.673422924268577e-01
6.281884466211461e-01,8.287350801288583e-01
1.620689069296906e+00,4.711071437578315e-01
5.645414395883310e-01,4.690932187004502e-01
2.887102757769993e-01,9.594577545052955e-01
3.411079839173456e-01,5.343067887975443e-01
1.670042438271605e-01,2.273653718966219e-01
1.029214244136877e-01,2.280249794483036e-01
1.216110562899777e-01,3.036815102252953e-01
6.638355728362375e-01,1.697020917117849e-01
1.405921732223456e+00,3.267127161544989e-02
3.132186710806806e-02,6.562500000000000e-01
3.135801750544719e-02,4.687500000000000e-01
1.967418128018979e+00,5.325490225136057e-01
9.674181280189792e-01,5.325490225136057e-01
1.967261904761905e+00,4.672874008075236e-01
9.687229152714205e-01,4.687500000000000e-01
5.312500000000000e-01,9.687030372638311e-01
1.967224702380952e+00,9.672247023809524e-01
8.656311570821756e-01,6.429891543124786e-01
5.566958354041392e-01,2.282543774634783e-01
1.501607471587131e+00,6.475387941574658e-01
8.138518756656469e-01,5.412201806137242e-01
6.127997859486667e-01,1.119113053125242e-01
1.043370148549279e+00,4.856612310398874e-01
1.372036896973002e+00,3.511999587316643e-01
6.927172269043159e-01,8.391142191030205e-01
1.344101978487908e+00,9.678943570253626e-01
1.304678922202185e+00,7.510489504650670e-01
1.291262651633416e+00,8.060837733989341e-01
1.371820876618963e+00,7.644500091847093e-01
7.527418110479128e-01,4.457891525711884e-02
1.782570943732676e+00,3.964932061826302e-01
1.855432847990324e+00,5.663357851343999e-01
5.412543265875657e-01,5.222681888655778e-01
1.516273711068970e+00,8.290968070423399e-01
3.268135998175443e-02,5.913099216864175e-01
1.697930482867994e+00,2.493063638548541e-01
7.947070965192788e-01,6.186316782814697e-01
5.818376737489379e-01,6.588201198935461e-01
4.245881077309098e-01,4.364712733987982e-01
1.610372230869644e-01,1.008124353591591e-01
1.230714544638810e+00,8.319215847910726e-02
4.789570110008031e-01,3.719009385010614e-01
1.172191701957498e+00,7.319300695645666e-01
1.815362532163040e+00,1.248519338388135e-01
5.937500000000000e-01,9.674327554079114e-01
2.465230623150796e-01,3.697818238548196e-01
1.432598836722008e+00,7.832312306898789e-01
3.123621931231614e-01,3.282043238093024e-01
3.563566215632980e-01,2.895185760684338e-01
3.890174257224638e-01,3.652386424818638e-01
7.891657343897206e-01,3.030206595904957e-01
8.777316364030016e-01,1.804150612116373e-01
1.748272783711078e+00,7.238183073140307e-01
7.411570459411720e-01,5.679470785173480e-01
1.644247405936216e+00,1.695196112968961e-01
4.328319679971933e-01,7.097370445018238e-01
4.377781397932995e-01,6.246384891613126e-01
3.528441414706853e-01,6.147718893470681e-01
1.236998923820429e+00,4.162338077703190e-01
1.552157086051522e+00,9.039545527664917e-01
1.620265857378434e+00,8.911598735134718e-01
1.593750000000000e+00,9.673375916456890e-01
2.915993641588478e-01,1.907049583516955e-01
5.028618249991584e-01,2.211560136264913e-01
4.788071839646660e-01,2.585297945134215e-01
5.001424946990169e-01,2.963738420412467e-01
3.357866423626454e-01,8.904422855232557e-01
9.608889991638016e-02,3.658818715130361e-01
1.579192648626812e+00,6.292944913444547e-01
3.519178304589712e-01,3.855931256522247e-01
8.542996559131377e-01,8.005667230693648e-01
1.967871154186177e+00,9.048060424087902e-02
5.782320045512089e-01,5.649196671493960e-01
1.476818751222947e+00,2.880693438593940e-01
6.549716165884378e-01,1.172371968346649e-01
1.918339253439015e+00,6.789464931219696e-01
8.175770129507067e-01,9.580201308514567e-02
4.166666666666666e-02,2.041921423449653e-01
1.710423611909127e+00,9.070787887514311e-01
1.228844767530207e+00,1.818099835518832e-01
1.300272450573763e+00,2.100232015008602e-01
1.314277521039420e+00,1.684174391730985e-01
1.127471214252767e+00,6.560470605850779e-01
7.892649610062055e-01,1.763494958486271e-01
4.101333820661835e-02,4.277031009118720e-01
1.478676344772424e+00,5.367398187350545e-01
7.830028347797752e-01,4.275664142609780e-01
8.482505001199396e-01,4.111495154641277e-01
1.089388655984979e+00,7.742156568672993e-01
1.437839233760370e+00,8.244624975656649e-01
1.193190016448117e+00,2.288447675302068e-01
5.179023031810394e-01,6.078589866312692e-01
8.417697454746725e-01,4.813230273779995e-01
1.875774611246289e+00,1.814086395784714e-01
1.373107950822746e+00,6.889098906924318e-01
1.202087008677109e+00,8.177791479477706e-01
1.369826067902543e+00,1.691465818532445e-01
1.434712713451987e+00,1.472169723911959e-01
1.431501025676222e+00,2.188861073879815e-01
1.618379449213721e+00,3.887209893695805e-01
6.314453136847292e-01,9.503406694248058e-01
2.471095250692366e-01,6.204544918457761e-01
1.769889999091310e+00,6.879485780922648e-01
1.260514243359115e+00,6.104053334867078e-01
1.306839965853658e+00,5.728930931587252e-01
2.244050600522760e-01,3.348945434431771e-01
0.000000000000000e+00,9.687500000000000e-01
1.847085132228742e+00,8.996821061611473e-01
1.843750000000000e+00,1.000000000000000e+00
9.646337365591398e-01,1.631629889816923e-01
1.711794135463494e+00,2.098605806284894e-01
1.898725934291492e+00,8.498978092914917e-01
1.651128427033412e+00,3.353951036206040e-02
1.922450785720572e-01,6.839026034548124e-01
1.853200296025442e-01,6.183448890069666e-01
2.414356644596378e-01,2.100561619678966e-01
1.364566664695566e+00,4.084320844692828e-02
4.102481353452698e-01,8.482180574537145e-01
1.906250000000000e+00,1.000000000000000e+00
1.221171316680551e+00,3.164800376787833e-01
1.690095297062789e+00,9.948656158239383e-02
1.626025106452329e+00,6.758427727830532e-01
1.759712572075754e-01,2.678594453448199e-01
3.774636455654061e-01,5.124074464846755e-01
1.092637118906848e+00,3.401001720728392e-01
1.112560419373321e+00,4.069804301419557e-01
2.275120745861004e-01,4.369244136418846e-01
2.187500000000000e-01,1.000000000000000e+00
9.471849422856779e-02,2.683064541446455e-01
1.562506776366956e+00,5.859822218428771e-01
4.603485824244765e-01,5.091361598955574e-01
3.977776307912684e-01,5.482472409678161e-01
4.289734231366114e-01,7.851703561064698e-01
4.671877609621193e-01,3.279062756550430e-01
4.066732938570919e-01,2.766488497602562e-01
7.410537472557444e-01,7.294920390251024e-01
1.784335475585813e+00,2.485271726722732e-01
1.486347698283661e+00,3.651541277246354e-01
1.437678228264972e+00,9.263395971821144e-02
6.273726786843160e-01,8.924275950524837e-01
1.366945745848840e+00,1.020268632681734e-01
1.840612324885867e+00,6.482991316449895e-01
1.676173900221549e-01,4.897824535793457e-01
2.265298760529920e-01,5.470110083587512e-01
2.415663965690662e-01,7.461572470685062e-01
1.484624576641764e+00,8.559591376180422e-01
1.288230613096629e+00,3.619746697424392e-01
6.082968941060709e-01,7.428984822388336e-01
7.065424692299191e-01,6.620012855009160e-01
1.258946004242673e+00,4.555021234062286e-02
1.306221358200774e+00,8.892979139373212e-01
7.316143605603741e-01,8.620401948545574e-01
7.714431494743853e-01,8.060836832643338e-01
7.164017531146161e-01,7.828587251649766e-01
2.812500000000000e-01,0.000000000000000e+00
1.829540045676838e+00,3.676421072164811e-01
1.435741613988086e+00,5.944365910362159e-01
4.745912824138703e-01,5.930317907129510e-01
2.907310791007304e-01,9.183777796176270e-01
3.502559878117914e-01,9.683425117995430e-01
1.578380510941950e+00,3.989352455415554e-01
1.221671003827452e+00,5.651758475443567e-01
1.964633736559140e+00,1.654155727984816e-01
7.934237960070015e-01,9.107234413079830e-01
6.802238850234139e-01,8.605759552652222e-02
5.221291418530971e-01,9.001952488748578e-02
2.907756673070358e-01,8.024524452377287e-01
9.682906704324251e-01,8.788717672943964e-02
1.718024734578290e+00,7.816791894654032e-01
1.107610479126175e+00,7.052249248065591e-01
1.406250000000000e+00,1.000000000000000e+00
1.507962383882662e+00,1.063238383369277e-01
2.968750000000000e-01,3.638529489189188e-02
1.910219085186925e+00,2.230269457355213e-01
1.563731824754225e+00,7.708157550469323e-01
1.557564367251878e+00,7.110166679530661e-01
1.060954839043145e+00,2.414149195215726e-01
1.370529955413874e+00,4.823489053943991e-01
4.400977504537832e-02,6.934295815363134e-01
4.251710911766979e-01,3.969342122558390e-01
1.773617238594053e+00,8.021580217364643e-01
1.793045219199155e+00,9.106236355421800e-01
2.859846298760863e-01,3.680861923422664e-01
6.493381467982113e-01,6.718265789622933e-01
1.895778601260045e+00,4.268125161630703e-01
5.629802672498994e-01,2.674700701076143e-01
9.593948403731541e-01,8.057962117711851e-01
3.873622211174456e-01,1.096607884995493e-01
1.008973668935884e-01,9.682176445844354e-01
1.573876051436013e+00,2.074057826210335e-01
1.166941781457608e+00,7.991055942245229e-01
4.723453298417278e-01,6.710545699368549e-01
5.741278806359859e-01,8.944006367094899e-01
1.071201685279802e+00,6.343207156790102e-01
4.062500000000000e-01,1.000000000000000e+00
1.581376704525305e+00,1.152262769532389e-01
1.601803725892866e-01,3.030536819624210e-01
1.815910661725976e+00,5.193028870446524e-01
4.447597648302358e-01,5.445227440290963e-01
1.408738532027757e+00,8.500233874304666e-01
3.938442863664034e-02,3.195086174954533e-01
1.643942847194734e+00,4.390754265610131e-01
1.000000000000000e+00,3.437500000000000e-01
1.000000000000000e+00,8.437500000000000e-01
1.035366263440860e+00,8.281250000000000e-01
8.413162104618953e-01,8.435119657157822e-01
6.322836210832358e-01,2.423254264186456e-01
1.000000000000000e+00,7.187500000000000e-01
9.590895784543325e-01,6.911958430913350e-01
1.039624095827875e-01,5.094400334820010e-01
1.677564700618448e-01,5.477848789953064e-01
3.707775125962733e-01,9.079419704816758e-01
1.710339375389255e-01,3.863064012490135e-01
1.548110315353425e+00,6.525072867930777e-01
1.515264984376764e+00,4.372220302667281e-01
1.799298067639780e+00,3.173865371702224e-01
2.000000000000000e+00,3.125000000000000e-02
1.000000000000000e+00,3.125000000000000e-02
1.000000000000000e+00,9.687500000000000e-01
1.312295652602182e+00,5.340026628956429e-01
6.316786991588640e-01,3.745465830816871e-02
1.803740892265160e+00,1.786150709065680e-01
1.307313486741435e+00,9.588602641069505e-01
7.171088299551982e-01,5.370980520430004e-01
1.843750000000000e+00,0.000000000000000e+00
1.827744344910611e+00,3.724644838443820e-02
1.632884708179762e+00,9.611757091940811e-01
1.348916661733032e+00,3.198361902987265e-01
3.581764349226711e-01,2.160413277611473e-01
3.199352838114794e-01,1.510294622827867e-01
4.663856853412923e-01,1.053613853002739e-01
5.298466124078346e-01,1.524492242254070e-01
5.186008291324098e-01,7.141939924897078e-01
4.984847191854326e-01,7.472313498384945e-01
5.198457645962332e-01,6.470509679891786e-01
1.794810856718241e-01,3.864046337841841e-02
1.156250000000000e+00,1.000000000000000e+00
1.562500000000000e-01,1.000000000000000e+00
2.305544317208038e-01,9.070679123220553e-01
2.212522719602225e-01,4.784186243668609e-01
1.478472238871283e+00,3.158406150863430e-02
6.562500000000000e-01,1.000000000000000e+00
1.344489774330928e+00,8.923478290196913e-01
1.252556577669612e+00,7.086417193896577e-01
1.222471358100121e+00,6.849174050839544e-01
4.358422294876758e-01,8.304225247891538e-02
1.703183609529772e+00,3.638880070605914e-01
2.899419011271067e-01,4.842565308325874e-01
1.965236473620912e+00,2.038105328236728e-01
1.447416619509591e+00,7.491187517414216e-01
2.151947333578524e-01,1.611858935327579e-01
1.504550634361538e+00,7.213585401269740e-01
1.469095546492259e+00,6.657627460626180e-01
1.036660341798572e+00,4.433262613774347e-01
2.348263035637413e-01,8.571745106909981e-01
2.800928009716169e-01,6.032456135672833e-01
3.376731578426125e-01,6.507139924338957e-01
1.583533087950438e+00,4.682167626999382e-01
1.277293853623903e+00,8.406423236756643e-01
6.041444923496312e-01,7.594037048477496e-02
6.315072368106858e-01,1.937280752458970e-01
5.866080551676216e-01,1.677676464693088e-01
1.775370245523548e+00,5.659922197851700e-01
6.098386979210781e-01,3.753764612024210e-01
2.000000000000000e+00,3.437500000000000e-01
1.114500687055600e+00,7.424375955544711e-01
5.571734823002508e-01,4.445632513555008e-02
1.931023422921203e+00,5.990855898044465e-01
1.817343377798174e+00,4.437666413115834e-01
1.862290331040441e+00,4.112879513552546e-01
1.867471791183022e+00,4.857287064651532e-01
1.382989445999972e+00,5.574231696199965e-01
7.658808322196414e-01,4.878995296225510e-01
1.433268269986197e+00,7.151495658519191e-01
1.569679399752924e+00,2.740048045699200e-01
7.299692241920436e-02,7.626030906479344e-01
1.067031212006040e+00,1.198002883139134e-01
1.697471021161149e+00,8.292434766684837e-01
8.998287554913309e-01,6.590325109826618e-01
1.320151516065081e+00,1.056683309613296e-01
7.939551892964204e-01,2.457132607257569e-01
1.522188586147979e+00,3.737663884315063e-01
1.678251979215520e+00,8.892537897889593e-01
1.563095677625220e+00,9.463570405106498e-01
4.399514868265189e-02,3.913078594014618e-01
6.465454278358694e-01,4.405858852154841e-01
4.865488905902531e-01,4.523767334473486e-01
1.502881795978199e+00,2.594912138845744e-01
1.413375787797974e+00,9.632054625745743e-01
4.149519201261530e-01,9.639577075493868e-01
3.786364057039308e-01,4.428306365313439e-02
8.814363401878909e-02,7.184320794624657e-01
1.411695183765700e-01,7.367657411294070e-01
1.064862979230253e+00,6.988180737294771e-01
7.228182890449208e-01,3.786921231510821e-01
3.867775219612758e-01,1.466817246590603e-01
1.740559589056718e+00,8.538991837338334e-01
1.046465850192157e+00,3.710451323929375e-01
5.347749555204664e-01,8.416178395489293e-01
1.714852298901717e+00,5.408687689500130e-01
9.674181280189791e-01,5.797313899871995e-01
1.551251670830942e+00,3.270694994888983e-01
1.037713409199499e+00,6.197592072041358e-01
1.755039046996921e+00,3.733675577029277e-01
1.753016461791007e+00,4.169708416084933e-01
1.092022974281646e+00,1.783818587063477e-01
1.775133057831872e-01,4.218381720557950e-01
1.542269535397875e-01,4.507047297520764e-01
7.917946161395097e-01,4.626575376135939e-01
1.745279223550491e+00,7.715607701989866e-02
7.187500000000000e-01,0.000000000000000e+00
1.747612176704694e+00,1.689188528837209e-01
1.843444153160549e+00,1.970276836993661e-01
0.000000000000000e+00,7.187500000000000e-01
1.939908650025062e-01,7.949254505138987e-01
1.165923719218860e+00,9.649011458868126e-01
1.718750000000000e-01,9.677879119362978e-01
2.080081478787794e-01,9.654192612156416e-01
4.467241741033640e-01,3.547687750879164e-02
3.301128544464298e-01,1.041442782526340e-01
1.117138975155279e+00,1.173007246376812e-01
5.335436572056044e-01,4.872048354606645e-01
1.963371777231274e+00,3.694011022241459e-01
1.900441766039844e+00,3.575235402696285e-01
1.382144429915840e+00,2.027202785874170e-01
2.990608857109114e-01,8.834418188574708e-01
1.204190308234086e+00,1.557204555371023e-01
9.644081768305227e-01,3.512262362128597e-01
3.224843687145614e-01,7.542589090571519e-01
1.626665888418185e+00,9.261514616330743e-01
1.685547626807613e+00,9.625542695883234e-01
8.559302550588078e-01,7.231426021206580e-01
7.053672657100700e-01,4.421075360662232e-01
7.298348780195226e-01,4.149125380852719e-01
1.499648553132867e+00,6.119447757327087e-01
7.635731117953342e-01,6.611315119006533e-01
1.242705686285784e-01,1.072366214476131e-01
3.042483527888231e-01,6.654701828432583e-01
1.531250000000000e+00,1.000000000000000e+00
3.536626344086021e-02,8.119945784845546e-01
1.921875000000000e+00,9.683307926829268e-01
1.838783821375322e+00,2.419947657683575e-01
8.375404709209058e-01,2.407478540168203e-01
1.281250000000000e+00,1.000000000000000e+00
4.817867914832286e-01,3.038986464198883e-02
8.209600924828572e-01,5.760393055260498e-01
4.479506590036048e-01,2.416555170510464e-01
1.080804002890458e+00,4.857167363200191e-01
1.078585423242002e+00,4.161512799862037e-01
1.593750000000000e+00,0.000000000000000e+00
1.579844482016475e+00,3.335054727033457e-02
1.548781996809374e+00,8.462576685200419e-01
1.587966892739372e+00,7.963304338496516e-01
1.297481618736346e+00,6.734964759490399e-01
1.330082913575367e+00,6.466870215815566e-01
8.287889344383259e-01,3.109856711635975e-02
8.751930643742578e-01,7.848946225337744e-02
1.270175969490638e+00,2.304676099166093e-01
1.134971104851658e+00,5.012927221906218e-01
2.841922529226959e-01,1.532131596432863e-01
2.000000000000000e+00,2.812500000000000e-01
1.781250000000000e+00,1.000000000000000e+00
1.796875000000000e+00,9.680723417977104e-01
8.338972786966364e-01,3.664760605649674e-01
8.256347170316927e-01,3.097014616792190e-01
7.851788229704928e-01,3.692586187313766e-01
3.227969903712564e-01,3.633384682876032e-01
1.222450118625401e+00,3.522109784854622e-01
1.159040445546526e+00,3.223595870277046e-01
1.031250000000000e+00,1.000000000000000e+00
9.687500000000000e-01,1.000000000000000e+00
9.687500000000000e-01,0.000000000000000e+00
1.968750000000000e+00,0.000000000000000e+00
1.032835934939847e+00,2.624531301203060e-01
1.031497724479273e+00,2.973704489585469e-01
1.090044386837145e+00,3.042862263257096e-01
3.125000000000000e-02,1.000000000000000e+00
1.927519969184584e+00,7.528224845922922e-01
1.963541666666667e+00,7.447916666666666e-01
1.963605842847499e+00,6.928366856949973e-01
9.668571258001516e-01,6.368392516003032e-01
4.433708485007760e-01,8.604387534572935e-01
1.159351715931419e+00,1.668359048894442e-01
8.174022467640297e-01,9.621626244502299e-01
1.083104794421286e-01,4.249326095073856e-01
6.592867239460493e-01,3.959661361024691e-01
6.901598964611647e-01,9.633111517009986e-01
7.187500000000000e-01,1.000000000000000e+00
6.613937670422713e-01,8.993087155344293e-01
1.446008854252283e+00,9.005292046698560e-01
8.540231606167912e-01,9.023698996025018e-01
8.813901078637071e-01,9.247508445218472e-01
8.456807612641598e-01,1.966872363887598e-01
9.097816905450026e-01,6.927745633773766e-01
1.417011553439166e+00,5.109996509053133e-01
9.657635834674232e-01,7.310818017758329e-01
3.989016344756083e-01,5.828986319315044e-01
6.768122131091882e-01,4.998164528614292e-01
1.678915691956659e+00,5.135544827070034e-01
1.913303717098660e+00,8.167593527200897e-01
9.691910282258065e-01,8.593750000000000e-01
1.969317009910115e+00,8.591452686933190e-01
9.079182942708333e-01,8.590901692708333e-01
9.140218098958334e-01,8.163655598958334e-01
1.227087477701139e+00,7.560660555847292e-01
1.920156454958561e+00,3.117836720965788e-01
1.000000000000000e+00,7.812500000000000e-01
5.421100787530744e-01,3.536368653999210e-01
5.782328524626674e-01,3.893458055280214e-01
8.437500000000000e-01,1.000000000000000e+00
7.793513233145290e-02,8.746026205451752e-01
1.681591862635502e+00,5.092614756170647e-02
5.456918345399744e-01,7.871102173156517e-01
5.980793813919357e-01,8.090398891376953e-01
7.712313946282240e-01,6.954132810026494e-01
4.038474393815153e-01,9.176345537069740e-01
1.640492226689525e+00,2.219284958250280e-01
1.635735776861329e-01,1.627107863503053e-01
1.093750000000000e-01,1.651785714285714e-01
1.424344885026227e+00,2.533438851579634e-01
1.000000000000000e+00,5.937500000000000e-01
1.699912421132683e+00,5.968405769126869e-01
1.540931214444258e+00,9.321801509790764e-02
4.449526488959363e-01,7.421573011952223e-01
1.663356239016222e+00,8.309487113656289e-01
8.636576199323019e-01,8.694892674035780e-01
3.092051163181482e-02,9.531250000000000e-01
7.051324488727330e-01,6.280016039592824e-01
0.000000000000000e+00,3.437500000000000e-01
1.968849708264975e+00,2.656250000000000e-01
1.205077233252551e+00,4.978073453920540e-01
1.648174257744490e+00,4.052611758718017e-01
2.000000000000000e+00,7.187500000000000e-01
6.804311804441542e-01,2.477825090590779e-01
1.279622626215295e+00,7.740934868448965e-01
4.705880083745780e-01,1.395085464672989e-01
5.636341696974396e-01,8.611629140186083e-01
1.968343718699247e+00,9.213450333308971e-01
5.925523683682171e-01,6.260804037088664e-01
1.968911762511758e+00,8.254645175243006e-01
1.060932103188273e-01,3.336505292967684e-01
1.033882807746486e+00,1.271338639093643e-01
1.000000000000000e+00,1.562500000000000e-01
2.167263009305414e-01,6.044173514517854e-01
5.068798089965879e-01,6.803936128938309e-01
9.022120786064963e-01,4.940842720849120e-01